1,105
1,312
1,358
1,137
1,291
1,74
1,88
1,80
1,202
1,415
1,194
1,307
1,93
1,285
1,264
1,473
1,317
1,114
1,372
1,225
1,430
1,168
1,435
1,33
1,246
1,248
1,289
1,400
1,8
1,366
1,284
1,113
1,260
2,499
2,497
2,303
2,464
2,246
2,466
2,217
2,113
2,408
2,216
2,455
2,68
2,420
2,17
2,383
2,155
2,103
2,93
2,90
2,355
2,331
3,419
3,225
3,140
3,152
3,211
3,66
3,412
3,416
3,345
3,215
3,231
3,258
3,42
3,281
3,493
3,288
4,80
4,51
4,427
4,303
4,377
4,309
4,362
4,88
4,438
4,261
4,27
4,462
4,464
4,139
4,244
5,234
5,44
5,333
5,417
5,346
5,438
5,365
5,74
5,328
5,109
5,14
5,138
5,244
5,256
5,347
5,82
6,283
6,178
6,169
6,175
6,377
6,340
6,3
6,164
6,139
6,130
6,38
6,152
6,362
6,156
6,223
6,211
6,238
6,181
7,247
7,249
7,63
7,24
7,199
7,42
7,336
7,215
7,16
7,210
7,270
7,120
7,96
7,132
7,297
7,21
7,177
7,283
7,491
7,20
7,200
7,350
7,193
7,39
7,304
7,75
7,45
7,150
8,179
8,330
8,372
8,214
8,210
8,1
8,36
8,365
8,466
8,37
8,359
8,419
8,77
8,228
8,165
8,380
8,109
9,377
9,253
9,479
9,191
9,328
9,188
9,28
9,172
9,121
9,364
9,413
9,137
9,480
9,236
9,64
9,84
9,447
9,410
10,297
10,163
10,284
10,75
10,356
10,405
10,414
10,54
10,27
10,497
10,160
10,91
10,428
10,268
10,271
10,116
10,69
10,103
10,316
10,379
10,229
10,319
10,96
10,309
10,74
10,222
10,86
10,259
10,194
10,314
10,68
10,493
10,273
10,165
10,211
10,214
10,50
10,326
10,61
10,299
10,407
10,445
10,21
10,206
10,180
10,138
11,444
11,432
11,9
11,21
11,82
11,245
11,332
11,71
11,266
11,343
11,319
11,375
11,253
11,354
11,400
11,54
12,111
12,157
12,314
12,10
12,439
12,85
12,372
12,258
12,387
12,124
12,68
12,404
12,440
12,65
12,271
12,27
12,56
12,286
12,39
12,102
12,211
12,207
12,310
12,106
12,38
12,478
12,190
13,319
13,473
13,270
13,276
13,261
13,262
13,448
13,151
13,290
13,452
13,187
13,376
13,380
13,336
13,487
13,399
14,39
14,85
14,431
14,224
14,470
14,160
14,246
14,417
14,132
14,304
14,313
14,333
14,213
14,5
14,50
14,157
14,406
14,391
15,21
15,30
15,303
15,88
15,37
15,399
15,321
15,457
15,417
15,77
15,422
15,298
15,211
15,413
15,323
15,181
15,454
15,379
16,45
16,384
16,66
16,130
16,89
16,96
16,172
16,279
16,354
16,123
16,299
16,85
16,50
16,267
16,143
16,377
16,7
16,125
16,371
16,26
16,31
16,51
16,315
16,21
16,237
16,204
17,481
17,292
17,2
17,163
17,60
17,308
17,498
17,368
17,499
17,160
17,145
17,372
17,24
17,105
17,48
17,344
17,65
18,122
18,103
18,342
18,199
18,28
18,214
18,234
18,411
18,487
18,420
18,309
18,238
18,126
18,403
18,138
18,211
19,461
19,10
19,485
19,197
19,392
19,151
19,248
19,493
19,447
19,200
19,290
19,14
19,191
19,93
19,313
19,261
19,43
19,314
19,323
19,303
19,178
19,29
19,466
19,432
19,141
19,449
19,243
19,115
19,13
19,131
19,153
19,457
19,228
19,38
19,86
19,302
19,359
19,164
19,97
19,85
20,271
20,187
20,397
20,289
20,260
20,268
20,228
20,157
20,325
20,48
20,160
20,144
20,202
20,109
20,158
20,481
20,137
20,71
20,432
20,334
20,103
20,73
20,448
21,475
21,472
21,333
21,66
21,361
21,16
21,100
21,244
21,469
21,490
21,36
21,26
21,253
21,85
21,158
21,10
21,345
21,11
21,463
21,497
21,171
21,251
21,300
21,431
21,451
21,116
21,481
21,242
21,33
21,379
21,228
21,407
21,295
21,493
21,412
21,316
21,363
21,7
21,254
21,192
21,114
21,284
21,101
21,202
21,216
21,130
21,403
21,327
21,467
21,124
22,383
22,290
22,193
22,492
22,93
22,475
22,242
22,303
22,500
22,369
22,246
22,496
22,409
22,371
22,384
22,144
22,333
22,380
22,379
22,473
22,415
22,152
22,103
23,160
23,463
23,35
23,204
23,122
23,491
23,66
23,392
23,303
23,231
23,16
23,179
23,351
23,40
23,467
23,402
23,169
23,318
24,290
24,192
24,352
24,292
24,343
24,112
24,442
24,380
24,397
24,384
24,374
24,389
24,230
24,390
24,186
24,159
24,437
24,158
24,336
24,398
24,209
24,113
24,253
24,193
24,17
24,433
24,114
24,277
24,323
24,354
24,409
25,392
25,464
25,138
25,93
25,196
25,384
25,381
25,303
25,466
25,65
25,378
25,29
25,409
25,228
25,334
26,345
26,21
26,132
26,412
26,92
26,202
26,159
26,438
26,85
26,473
26,443
26,288
26,96
26,16
26,156
26,81
26,210
26,429
26,406
26,87
26,457
26,95
26,88
26,413
26,376
26,354
26,456
26,367
27,413
27,414
27,209
27,57
27,370
27,12
27,174
27,346
27,378
27,72
27,136
27,294
27,482
27,392
27,130
28,300
28,105
28,254
28,262
28,90
28,33
28,219
28,59
28,494
28,156
28,179
28,389
28,280
28,229
28,223
28,18
28,324
29,38
29,23
29,49
29,108
29,143
29,339
29,100
29,242
29,261
29,106
29,473
29,498
29,392
29,70
29,166
29,25
29,21
29,228
29,66
29,179
29,221
29,174
29,360
29,457
29,76
29,465
29,379
29,393
29,42
30,175
30,384
30,50
30,285
30,315
30,411
30,72
30,255
30,220
30,433
30,303
30,304
30,189
30,51
30,15
30,130
30,421
30,37
30,191
31,354
31,413
31,380
31,193
31,315
31,400
31,444
31,99
31,16
31,446
31,277
31,466
31,447
31,297
31,98
31,431
31,54
32,175
32,427
32,196
32,38
32,431
32,383
32,325
32,152
32,145
32,384
32,10
32,110
32,74
32,129
32,486
32,341
33,464
33,21
33,421
33,94
33,2
33,484
33,10
33,410
33,201
33,142
33,429
33,236
33,118
33,406
33,28
33,248
33,138
34,236
34,217
34,246
34,400
34,179
34,91
34,322
34,228
34,196
34,466
34,93
34,279
34,397
34,278
35,298
35,235
35,54
35,217
35,430
35,5
35,66
35,83
35,382
35,328
35,299
35,451
35,454
35,345
35,153
35,465
35,215
35,142
35,302
35,434
35,225
35,99
35,488
35,330
35,361
35,199
35,414
35,271
35,243
35,467
36,383
36,263
36,146
36,38
36,212
36,229
36,215
36,85
36,389
36,228
36,490
36,166
36,131
36,102
36,484
36,400
36,266
36,337
36,204
36,91
36,211
36,21
36,169
36,457
36,329
36,149
36,325
36,191
36,417
37,287
37,160
37,95
37,389
37,59
37,30
37,344
37,290
37,382
37,305
37,187
37,265
37,8
37,15
37,365
37,240
38,160
38,66
38,456
38,384
38,399
38,191
38,175
38,169
38,88
38,12
38,137
38,171
38,495
38,157
38,458
38,290
38,106
38,393
38,65
38,6
38,411
38,29
38,323
38,286
38,161
38,50
38,462
38,19
38,74
38,251
38,446
38,112
38,36
38,229
39,73
39,66
39,176
39,345
39,405
39,290
39,48
39,465
39,12
39,131
39,396
39,217
39,224
39,390
39,117
39,202
39,223
39,262
39,201
39,166
39,237
39,188
39,191
39,104
39,7
39,97
39,425
39,302
40,329
40,307
40,424
40,382
40,127
40,363
40,23
40,85
40,429
40,138
40,177
40,239
40,426
40,298
40,137
40,150
40,143
41,46
41,132
41,356
41,140
41,301
41,290
41,213
41,457
41,361
41,27
41,23
41,255
41,179
41,202
41,77
41,490
41,493
41,309
41,337
41,65
42,384
42,461
42,28
42,283
42,98
42,248
42,217
42,369
42,47
42,354
42,3
42,320
42,95
42,290
42,163
42,214
42,363
42,75
42,489
42,29
42,279
42,25
42,86
42,55
42,7
42,352
42,493
42,209
43,10
43,439
43,51
43,417
43,333
43,133
43,73
43,82
43,284
43,54
43,312
43,245
43,461
43,138
43,227
43,467
43,19
43,302
43,131
43,260
43,147
43,259
43,456
43,497
43,214
43,203
44,498
44,286
44,118
44,264
44,453
44,487
44,124
44,350
44,203
44,422
44,10
44,361
44,424
44,158
44,364
44,333
44,142
44,135
44,230
44,285
44,454
45,158
45,415
45,175
45,459
45,151
45,462
45,314
45,66
45,196
45,74
45,7
45,78
45,16
45,474
45,385
45,242
45,223
45,96
45,365
45,350
45,107
45,161
46,350
46,21
46,466
46,32
46,363
46,381
46,395
46,41
46,418
46,192
46,31
46,183
46,488
46,324
46,95
46,493
47,48
47,386
47,399
47,486
47,464
47,448
47,437
47,303
47,466
47,256
47,129
47,261
47,42
47,269
47,181
47,382
47,81
48,451
48,354
48,235
48,85
48,491
48,402
48,255
48,303
48,290
48,462
48,166
48,17
48,20
48,350
48,416
48,360
48,285
49,113
49,121
49,208
49,336
49,368
49,105
49,214
49,195
49,381
49,500
49,289
49,257
49,169
49,385
49,29
49,400
49,250
50,128
50,14
50,312
50,10
50,466
50,88
50,22
50,299
50,458
50,290
50,392
50,315
50,276
50,493
50,37
50,32
50,16
50,384
50,240
50,327
50,303
50,396
50,307
50,52
50,198
50,426
50,215
50,38
50,8
50,246
50,269
50,105
50,193
50,228
50,447
50,90
50,138
50,227
50,155
51,335
51,270
51,164
51,202
51,152
51,30
51,281
51,201
51,241
51,326
51,372
51,16
51,243
51,176
52,498
52,466
52,450
52,112
52,290
52,350
52,121
52,59
52,152
52,279
52,438
52,50
52,445
52,418
52,65
52,423
53,370
53,475
53,470
53,198
53,178
53,404
53,237
53,456
53,403
53,447
53,45
53,454
53,97
53,258
53,395
53,165
54,365
54,31
54,59
54,10
54,328
54,11
54,455
54,462
54,446
54,337
54,252
54,125
54,420
54,43
54,334
55,115
55,193
55,464
55,144
55,212
55,442
55,246
55,230
55,413
55,297
55,180
55,93
55,202
55,245
55,409
55,457
56,333
56,97
56,420
56,159
56,12
56,127
56,401
56,3
56,443
56,428
56,118
56,190
56,238
56,493
56,101
56,274
56,354
56,99
57,359
57,260
57,414
57,319
57,168
57,389
57,105
57,88
57,62
57,282
57,109
57,285
57,80
57,323
57,466
57,165
57,27
57,352
58,384
58,364
58,481
58,51
58,313
58,85
58,246
58,105
58,66
58,90
58,158
58,173
58,470
58,162
58,206
58,383
58,77
58,309
58,165
59,72
59,45
59,378
59,164
59,469
59,295
59,493
59,90
59,129
59,263
59,245
59,216
59,353
59,44
59,38
59,141
59,429
59,85
59,431
59,280
59,461
59,66
59,394
59,20
59,311
59,98
59,313
59,176
59,202
59,106
59,115
59,450
60,33
60,45
60,403
60,396
60,303
60,228
60,202
60,425
60,406
60,208
60,225
60,249
60,137
60,441
60,71
60,479
60,315
61,179
61,341
61,10
61,211
61,106
61,152
61,200
61,248
61,313
61,120
61,479
61,361
61,455
61,228
61,244
61,459
61,357
61,379
62,389
62,392
62,5
62,204
62,100
62,12
62,452
62,408
62,305
62,429
62,499
62,374
62,130
62,307
62,400
62,428
62,399
62,246
62,165
63,116
63,442
63,371
63,225
63,151
63,464
63,316
63,278
63,341
63,234
63,50
63,482
63,177
63,211
63,205
63,217
63,213
63,7
64,248
64,261
64,95
64,400
64,349
64,59
64,162
64,186
64,150
64,474
64,9
64,238
64,260
64,378
64,189
64,232
64,449
64,115
65,245
65,176
65,160
65,261
65,370
65,469
65,12
65,34
65,218
65,86
65,143
65,52
65,361
65,246
65,371
65,225
65,217
65,444
65,158
65,38
65,132
65,403
65,194
65,190
65,389
65,211
65,258
65,102
65,92
65,214
65,242
65,420
65,364
65,183
66,333
66,167
66,447
66,4
66,296
66,63
66,108
66,139
66,100
66,471
66,10
66,36
66,420
66,141
66,200
66,429
66,346
66,29
66,367
66,168
66,227
66,23
66,138
66,339
66,123
66,116
66,358
66,380
66,280
66,310
66,394
66,433
66,150
66,250
66,462
66,35
66,38
66,470
66,142
67,475
67,98
67,351
67,107
67,438
67,248
67,347
67,233
67,125
67,303
67,400
67,340
67,236
67,399
67,317
67,106
68,250
68,3
68,371
68,472
68,272
68,283
68,243
68,438
68,268
68,10
68,197
68,222
68,2
68,401
68,323
68,362
68,393
68,245
68,281
68,380
68,491
68,261
68,101
68,378
68,12
69,10
69,321
69,285
69,104
69,301
69,465
69,306
69,164
69,225
69,240
69,346
69,76
69,472
69,287
69,208
69,451
69,445
69,493
70,175
70,355
70,418
70,269
70,139
70,434
70,140
70,500
70,133
70,303
70,494
70,436
70,201
70,332
70,196
70,29
70,261
71,140
71,352
71,390
71,160
71,223
71,185
71,290
71,70
71,25
71,42
71,20
71,60
71,125
71,211
71,216
71,384
71,116
71,259
71,329
71,354
71,11
72,234
72,466
72,471
72,137
72,59
72,88
72,132
72,96
72,373
72,360
72,289
72,372
72,340
72,371
72,116
72,356
72,102
72,295
72,419
72,345
72,343
72,338
72,79
72,354
72,303
72,325
72,27
72,323
72,472
72,287
72,462
73,392
73,20
73,89
73,183
73,85
73,429
73,155
73,475
73,252
73,361
73,333
73,87
73,454
73,108
73,302
73,162
74,82
74,343
74,246
74,281
74,406
74,204
74,426
74,469
74,90
74,341
74,319
74,226
74,303
74,91
74,148
74,136
74,323
74,463
74,50
74,38
74,10
74,32
74,196
74,97
74,118
74,194
74,391
74,45
74,209
74,1
74,446
75,353
75,251
75,477
75,109
75,85
75,88
75,428
75,7
75,380
75,415
75,395
75,54
75,206
75,316
75,116
75,308
75,138
75,464
76,325
76,182
76,445
76,386
76,315
76,73
76,231
76,171
76,345
76,96
76,334
76,306
76,69
76,252
76,420
76,331
76,303
76,228
76,145
76,273
76,144
76,99
77,58
77,427
77,144
77,498
77,67
77,41
77,78
77,182
77,299
77,203
77,437
77,8
77,490
77,184
77,386
77,350
77,354
77,399
77,298
78,154
78,303
78,98
78,411
78,192
78,273
78,231
78,165
78,315
78,464
78,151
78,157
78,338
78,441
78,228
78,264
78,359
79,149
79,253
79,169
79,16
79,71
79,294
79,340
79,213
79,248
79,488
79,206
79,72
79,414
79,256
79,200
79,184
79,274
79,100
79,421
79,397
79,88
79,309
79,441
79,344
79,103
79,482
79,192
79,355
80,390
80,217
80,204
80,229
80,57
80,331
80,93
80,240
80,228
80,200
80,29
80,202
80,450
80,355
80,193
80,1
80,4
81,392
81,47
81,309
81,30
81,279
81,290
81,108
81,383
81,253
81,387
81,277
81,354
81,127
81,147
81,26
81,389
81,258
81,141
81,221
81,177
82,212
82,191
82,280
82,309
82,34
82,5
82,194
82,58
82,317
82,433
82,160
82,323
82,99
82,299
82,239
82,437
82,491
82,128
82,91
82,184
82,333
82,199
82,43
82,377
83,186
83,45
83,51
83,201
83,297
83,316
83,173
83,411
83,219
83,36
83,499
83,384
83,376
83,405
83,456
84,399
84,328
84,430
84,474
84,283
84,289
84,195
84,9
84,383
84,201
84,449
84,388
84,325
84,349
84,334
85,303
85,407
85,424
85,497
85,64
85,148
85,429
85,409
85,249
85,305
85,309
85,208
85,411
85,426
85,466
85,229
85,457
85,384
85,421
85,95
85,188
85,186
85,180
85,213
85,131
85,342
85,467
85,323
85,262
85,427
85,220
85,155
85,455
85,413
85,474
85,438
85,169
85,253
85,21
85,292
85,278
85,325
85,460
85,75
85,341
85,336
85,48
85,230
85,242
85,470
85,469
85,26
85,256
85,288
85,101
85,283
85,258
85,187
85,431
86,87
86,105
86,394
86,224
86,90
86,348
86,204
86,202
86,168
86,372
86,165
86,271
86,10
86,203
86,302
86,164
86,133
86,377
86,490
86,182
86,215
86,190
86,228
86,441
86,290
86,138
86,359
86,111
87,380
87,284
87,363
87,91
87,226
87,261
87,459
87,15
87,187
87,246
87,254
87,217
87,318
87,202
87,419
87,460
87,478
87,117
87,96
87,355
87,26
87,461
87,278
87,191
88,214
88,328
88,85
88,462
88,38
88,250
88,314
88,270
88,118
88,43
88,448
88,485
88,493
88,422
88,269
88,1
88,226
88,26
88,213
88,211
88,228
88,75
88,99
88,435
88,186
88,154
88,421
88,15
88,57
88,138
88,50
88,160
88,282
88,407
88,480
88,433
88,409
89,316
89,290
89,106
89,399
89,142
89,333
89,193
89,95
89,495
89,38
89,146
89,210
89,16
89,207
89,116
90,2
90,295
90,122
90,405
90,117
90,322
90,386
90,467
90,290
90,423
90,438
90,350
90,91
90,381
90,451
90,183
90,28
90,110
90,43
90,225
90,433
90,464
90,151
90,453
90,450
90,234
90,469
90,314
90,74
90,86
90,297
90,59
90,58
90,50
90,101
90,348
90,256
90,195
91,466
91,82
91,379
91,191
91,146
91,21
91,223
91,214
91,380
91,287
91,310
91,295
91,36
91,302
91,273
91,464
91,330
91,494
91,107
91,361
91,51
91,54
91,486
91,180
91,164
91,34
91,90
91,165
91,393
91,228
91,137
91,327
91,87
91,224
91,10
91,93
91,359
91,141
92,309
92,316
92,291
92,141
92,248
92,317
92,383
92,336
92,274
92,57
92,98
92,65
92,346
92,482
92,125
92,262
92,145
92,162
92,393
93,428
93,91
93,307
93,267
93,367
93,66
93,182
93,2
93,143
93,447
93,201
93,160
93,19
93,379
93,452
93,398
93,291
93,310
93,103
93,381
93,354
93,251
93,120
93,170
93,154
93,340
93,351
94,384
94,383
94,310
94,217
94,465
94,160
94,284
94,138
94,100
94,193
94,421
94,163
94,396
94,470
94,133
94,344
94,246
94,33
94,96
95,46
95,380
95,303
95,385
95,126
95,287
95,390
95,131
95,85
95,213
95,202
95,500
95,407
95,42
95,262
95,138
95,435
95,26
95,219
95,356
95,159
95,232
95,335
95,37
95,118
95,106
95,387
95,108
95,252
95,365
95,313
95,353
96,72
96,464
96,346
96,73
96,207
96,3
96,169
96,246
96,345
96,275
96,170
96,486
96,257
96,109
96,490
96,97
96,87
96,10
96,94
96,439
96,368
96,303
96,124
96,432
96,48
96,49
96,45
96,397
96,424
96,367
96,450
96,101
96,213
96,314
96,182
96,475
96,398
96,8
96,469
96,26
96,322
97,233
97,200
97,347
97,101
97,341
97,299
97,88
97,429
97,198
97,305
97,126
97,398
97,350
97,39
97,186
97,19
97,480
97,419
97,132
97,421
97,404
97,218
97,149
97,173
97,269
97,431
97,179
97,114
97,246
97,279
97,225
97,477
97,440
97,152
97,103
97,53
97,51
97,122
97,228
97,56
97,433
97,96
97,318
98,187
98,322
98,462
98,318
98,124
98,410
98,334
98,31
98,59
98,363
98,104
98,4
98,301
98,386
98,426
98,92
98,149
99,88
99,278
99,179
99,383
99,458
99,214
99,384
99,355
99,82
99,246
99,331
99,175
99,348
99,56
99,380
99,212
99,241
99,290
99,130
99,304
99,19
99,222
99,14
99,37
99,52
99,118
99,199
99,203
99,285
99,259
99,299
99,148
99,333
99,116
99,90
99,129
99,447
99,186
99,456
99,232
99,219
99,31
99,240
100,305
100,380
100,312
100,383
100,430
100,487
100,189
100,69
100,55
100,315
100,158
100,460
100,109
100,224
100,94
100,147
100,363
100,62
100,125
100,393
100,21
100,327
100,66
101,42
101,90
101,34
101,303
101,246
101,82
101,163
101,402
101,68
101,228
101,106
101,205
101,217
101,56
101,252
101,406
101,466
101,447
101,21
101,85
101,439
101,337
101,63
101,460
101,492
101,177
101,97
101,419
101,271
101,410
102,66
102,282
102,230
102,500
102,246
102,466
102,235
102,281
102,132
102,78
102,341
102,21
102,347
102,191
102,12
102,199
102,178
102,11
102,231
102,65
102,380
102,474
102,36
102,107
102,156
102,72
102,292
102,391
102,295
102,290
102,64
102,385
102,90
102,134
102,431
102,337
102,463
102,206
102,225
102,409
102,370
103,353
103,36
103,57
103,2
103,438
103,248
103,79
103,117
103,93
103,114
103,177
103,229
103,275
103,62
103,10
103,372
103,261
103,72
103,142
103,22
103,217
103,377
103,408
103,425
103,383
103,150
103,429
103,471
103,290
103,145
103,393
103,466
103,74
103,220
103,318
103,246
103,286
103,431
103,355
103,432
103,450
103,151
103,127
103,42
103,478
103,20
103,442
103,420
103,175
103,299
103,211
103,354
103,97
103,18
103,500
104,289
104,56
104,39
104,200
104,473
104,228
104,191
104,394
104,467
104,147
104,259
104,187
104,172
104,221
104,393
104,106
104,98
105,409
105,334
105,213
105,394
105,147
105,247
105,17
105,354
105,187
105,260
105,54
105,74
105,1
105,86
105,264
105,49
105,217
105,170
105,298
105,50
105,406
105,130
105,372
105,28
106,66
106,452
106,312
106,332
106,272
106,341
106,466
106,12
106,291
106,84
106,325
106,207
106,110
106,79
106,235
106,59
106,21
106,368
106,233
106,442
106,246
106,38
106,308
106,9
106,67
106,202
106,95
106,137
106,218
106,127
106,275
106,5
106,428
106,303
106,474
106,196
106,104
106,445
106,20
106,145
106,214
106,64
106,352
106,463
106,290
106,138
106,29
106,101
106,262
106,493
106,404
106,61
107,416
107,432
107,475
107,45
107,246
107,376
107,438
107,345
107,411
107,112
107,357
107,264
107,396
107,373
107,169
107,102
107,492
107,288
108,95
108,140
108,102
108,492
108,73
108,214
108,219
108,79
108,203
108,228
108,485
108,346
108,494
108,262
108,66
108,110
108,362
109,380
109,100
109,20
109,409
109,166
109,208
109,359
109,415
109,154
109,132
109,8
109,361
109,96
109,75
109,334
109,393
109,264
109,5
109,319
110,10
110,310
110,83
110,306
110,371
110,108
110,448
110,261
110,32
110,191
110,175
110,292
110,183
110,218
110,331
110,417
110,380
110,90
111,411
111,81
111,190
111,355
111,251
111,474
111,167
111,279
111,143
111,151
111,86
111,266
111,422
111,325
111,118
111,262
111,12
111,299
111,387
111,253
111,187
111,328
112,242
112,246
112,13
112,38
112,290
112,405
112,292
112,429
112,214
112,395
112,264
112,500
112,24
112,408
112,420
112,52
112,107
113,185
113,271
113,155
113,248
113,1
113,397
113,252
113,73
113,7
113,24
113,261
113,134
113,114
113,146
113,345
113,250
113,285
114,231
114,290
114,217
114,113
114,24
114,426
114,309
114,207
114,267
114,21
114,368
114,399
114,1
114,440
114,209
114,97
114,431
115,127
115,130
115,214
115,59
115,455
115,391
115,26
115,396
115,424
115,215
115,387
115,277
115,19
115,421
115,435
115,166
115,55
115,305
115,323
115,483
115,327
115,489
115,492
116,420
116,71
116,143
116,393
116,150
116,356
116,21
116,466
116,75
116,166
116,214
116,181
116,50
116,72
116,422
116,380
116,88
116,66
116,134
116,89
116,441
116,272
116,126
116,213
116,297
116,26
116,115
116,209
116,246
116,348
116,431
116,177
116,446
116,350
116,10
116,201
116,63
116,358
116,304
116,141
116,379
116,129
117,308
117,289
117,456
117,356
117,50
117,310
117,474
117,87
117,5
117,331
117,39
117,231
117,167
117,323
117,118
117,312
117,215
117,332
117,382
117,218
117,351
117,282
118,120
118,7
118,95
118,477
118,111
118,176
118,188
118,489
118,38
118,453
118,246
118,133
118,180
118,289
118,168
118,327
118,401
118,361
118,11
118,444
118,481
118,149
118,191
118,411
118,155
118,472
118,193
118,466
118,348
118,368
118,420
118,306
118,284
118,33
118,276
118,134
118,18
118,158
118,277
118,330
118,130
118,117
118,30
118,275
118,222
118,291
118,407
118,319
118,474
118,369
118,324
118,106
118,424
118,310
118,325
118,214
118,244
118,201
118,446
118,207
118,228
118,125
118,185
118,414
118,331
118,379
119,228
119,238
119,116
119,225
119,217
119,44
119,27
119,314
119,251
119,451
119,404
119,338
119,444
119,122
120,386
120,341
120,105
120,350
120,201
120,254
120,22
120,463
120,474
120,93
120,359
120,429
120,68
120,486
120,476
120,438
120,225
120,289
120,71
120,231
120,246
120,169
120,497
120,202
120,456
120,379
120,361
120,253
121,158
121,499
121,225
121,335
121,292
121,402
121,375
121,324
121,401
121,284
121,411
121,310
121,446
121,144
121,304
121,52
122,299
122,453
122,228
122,311
122,119
122,27
122,240
122,412
122,97
122,148
122,442
122,246
122,238
122,23
122,380
122,422
122,288
122,182
122,146
122,18
123,211
123,267
123,66
123,455
123,261
123,118
123,21
123,285
123,85
123,437
123,413
123,427
123,290
123,345
123,82
123,446
123,10
123,86
123,310
123,315
123,160
123,359
123,228
123,16
123,424
123,133
123,276
123,391
123,397
124,290
124,272
124,374
124,162
124,10
124,131
124,413
124,418
124,349
124,186
124,21
124,274
124,12
124,44
124,420
124,96
124,396
124,98
124,240
124,317
124,165
124,309
125,217
125,247
125,135
125,127
125,284
125,16
125,248
125,151
125,425
125,152
125,154
125,432
125,299
125,376
125,451
125,202
125,350
125,42
125,71
125,92
125,482
125,100
125,223
125,212
125,191
125,466
125,290
125,286
125,45
125,344
125,457
125,460
125,118
125,22
125,59
125,433
125,168
125,302
125,490
125,251
125,467
125,323
125,138
125,436
126,283
126,312
126,31
126,308
126,105
126,18
126,452
126,389
126,298
126,193
126,411
126,281
126,116
126,294
126,481
126,97
126,138
126,95
126,290
127,258
127,191
127,207
127,66
127,232
127,476
127,308
127,250
127,217
127,392
127,81
127,182
127,125
127,409
127,106
127,103
127,115
127,253
128,65
128,82
128,375
128,316
128,455
128,252
128,273
128,182
128,278
128,209
128,246
128,313
128,302
128,171
128,50
128,323
128,451
128,150
129,482
129,433
129,220
129,339
129,333
129,116
129,322
129,261
129,239
129,263
129,58
129,422
129,442
129,265
129,303
129,173
129,99
129,402
129,412
129,237
129,290
129,32
129,342
129,430
129,323
129,474
129,161
129,59
130,404
130,85
130,314
130,470
130,472
130,188
130,495
130,30
130,246
130,374
130,139
130,21
130,33
130,464
130,156
130,62
130,394
130,424
130,163
130,350
130,27
130,105
130,344
130,455
130,359
130,295
130,161
130,184
130,467
130,6
130,203
130,343
130,169
130,318
130,480
130,262
130,232
131,43
131,375
131,473
131,271
131,490
131,152
131,439
131,236
131,408
131,492
131,36
131,85
131,138
131,124
131,181
131,393
131,390
131,309
131,324
131,95
132,174
132,284
132,102
132,346
132,461
132,160
132,39
132,309
132,332
132,470
132,316
132,439
132,388
132,493
132,26
132,300
132,138
132,41
132,240
132,109
132,97
132,216
132,395
133,431
133,225
133,464
133,118
133,303
133,115
133,94
133,219
133,475
133,479
133,123
133,314
133,86
133,474
133,448
133,493
133,418
133,362
134,456
134,48
134,349
134,245
134,363
134,420
134,309
134,276
134,257
134,283
134,228
134,474
134,243
134,259
134,116
134,222
134,102
135,442
135,185
135,36
135,380
135,265
135,167
135,169
135,143
135,303
135,44
135,461
135,239
135,252
135,472
135,171
135,300
135,493
135,284
135,334
135,192
135,266
136,214
136,248
136,313
136,439
136,357
136,477
136,373
136,47
136,163
136,205
136,322
136,451
136,409
136,223
136,276
136,27
136,216
137,40
137,261
137,445
137,91
137,413
137,459
137,274
137,60
137,89
137,85
137,346
137,385
137,348
137,171
137,475
137,362
137,384
137,197
137,72
137,396
137,80
137,209
137,222
137,176
137,20
137,476
137,240
137,9
137,471
138,131
138,154
138,209
138,363
138,300
138,210
138,441
138,125
138,439
138,126
138,469
138,268
138,271
138,301
138,225
138,66
138,84
138,215
138,324
138,10
138,332
138,411
138,43
138,214
138,255
138,420
138,394
138,246
138,182
138,171
138,228
138,68
138,366
138,290
138,158
138,191
138,482
138,5
138,402
138,468
138,193
138,440
138,202
138,166
138,350
138,80
138,404
138,448
138,322
138,464
138,325
138,349
138,160
138,346
138,477
138,475
138,471
138,473
138,55
138,40
138,414
138,474
138,82
138,328
138,192
138,314
138,50
138,484
138,248
138,249
138,331
138,168
138,15
138,87
138,18
138,480
138,189
138,169
138,452
138,399
138,457
138,443
138,86
138,417
138,132
138,197
138,33
138,88
138,95
138,75
138,172
138,320
138,7
138,78
138,194
138,85
138,239
138,26
138,72
138,434
138,144
138,409
138,226
138,283
138,184
138,153
138,298
138,25
138,106
138,450
138,481
138,94
139,159
139,189
139,479
139,25
139,446
139,348
139,464
139,268
139,4
139,191
139,211
139,70
139,318
139,410
139,166
139,393
139,299
139,314
139,6
139,130
139,216
140,61
140,471
140,403
140,439
140,483
140,21
140,186
140,355
140,443
140,477
140,158
140,494
140,323
140,3
140,173
140,41
140,165
140,478
140,493
140,331
140,71
141,91
141,445
141,211
141,66
141,81
141,462
141,339
141,8
141,107
141,345
141,218
141,116
141,465
141,469
141,500
141,92
141,317
141,323
141,266
142,317
142,481
142,44
142,152
142,146
142,337
142,490
142,243
142,66
142,265
142,474
142,246
142,294
142,347
142,35
142,33
142,166
142,359
143,209
143,397
143,366
143,393
143,265
143,289
143,16
143,438
143,498
143,419
143,40
143,249
143,375
143,29
143,345
143,135
143,93
143,65
143,111
144,231
144,410
144,303
144,332
144,340
144,121
144,499
144,22
144,76
144,209
144,314
144,293
144,379
144,55
144,323
144,138
144,205
145,483
145,202
145,76
145,391
145,56
145,287
145,418
145,92
145,86
145,259
145,345
145,248
145,393
145,295
145,362
145,372
145,368
145,262
145,434
145,379
145,305
145,198
145,409
145,486
146,113
146,130
146,354
146,426
146,89
146,375
146,122
146,380
146,273
146,411
146,392
146,496
146,338
146,475
146,36
146,221
146,297
146,312
147,81
147,433
147,460
147,207
147,100
147,345
147,347
147,43
147,485
147,233
147,498
147,249
147,455
147,432
147,213
147,327
147,104
147,197
147,480
148,266
148,373
148,225
148,356
148,151
148,261
148,85
148,236
148,212
148,360
148,161
148,186
148,240
148,231
148,221
148,323
148,122
148,103
149,85
149,46
149,488
149,269
149,118
149,303
149,290
149,466
149,257
149,36
149,98
149,120
149,416
149,400
149,448
149,359
150,295
150,4
150,320
150,475
150,40
150,148
150,128
150,303
150,440
150,240
150,82
150,151
150,7
150,333
150,345
150,237
150,193
150,228
150,66
150,268
150,396
150,175
150,153
150,497
150,411
150,211
150,213
150,103
150,116
150,413
151,341
151,201
151,210
151,376
151,202
151,103
151,117
151,215
151,458
151,406
151,13
151,484
151,125
151,464
151,90
151,19
151,171
151,347
151,255
151,174
151,220
151,253
151,433
151,111
151,63
151,295
151,340
151,283
151,383
151,240
151,228
151,150
152,367
152,335
152,246
152,218
152,300
152,282
152,22
152,85
152,261
152,439
152,164
152,97
152,427
152,6
152,32
152,233
152,294
152,434
152,409
152,406
152,383
152,131
152,125
153,138
153,438
153,201
153,307
153,262
153,33
153,402
153,164
153,429
153,283
153,146
153,190
153,393
153,410
153,493
153,323
153,35
153,350
153,19
154,431
154,326
154,316
154,93
154,387
154,185
154,383
154,88
154,231
154,157
154,134
154,246
154,109
154,323
154,289
154,423
154,384
155,276
155,436
155,2
155,85
155,231
155,175
155,361
155,50
155,166
155,466
155,263
155,134
155,386
155,348
155,73
155,493
155,483
156,276
156,476
156,233
156,93
156,423
156,176
156,303
156,300
156,392
156,406
156,132
156,6
156,102
156,266
156,391
156,338
156,130
156,178
156,26
157,69
157,274
157,212
157,14
157,93
157,38
157,119
157,401
157,347
157,364
157,478
157,158
157,340
157,154
157,393
157,245
157,333
158,24
158,367
158,237
158,260
158,40
158,119
158,363
158,471
158,332
158,97
158,44
158,276
158,45
158,89
158,206
158,347
158,20
158,495
158,374
158,460
158,381
158,313
158,337
158,277
158,288
158,21
158,236
158,140
158,225
158,121
158,100
158,157
158,334
158,138
158,274
158,65
159,428
159,186
159,248
159,200
159,303
159,95
159,22
159,442
159,362
159,290
159,234
159,314
159,309
159,446
159,262
159,261
159,280
159,139
159,393
159,480
160,258
160,370
160,434
160,88
160,461
160,38
160,383
160,466
160,375
160,70
160,315
160,253
160,123
160,243
160,14
160,460
160,471
160,93
160,393
160,358
160,244
160,138
160,23
160,230
160,162
160,275
160,10
160,2
161,249
161,368
161,38
161,243
161,248
161,129
161,45
161,144
161,312
161,130
161,347
161,333
161,185
161,474
161,443
161,426
161,262
161,278
162,302
162,480
162,73
162,92
162,160
162,192
162,303
162,199
162,363
162,248
162,58
162,183
162,340
162,64
162,255
162,166
162,418
162,462
162,124
163,242
163,180
163,310
163,246
163,239
163,401
163,88
163,248
163,188
163,476
163,464
163,94
163,494
163,244
163,101
163,42
163,17
163,393
163,247
164,268
164,19
164,478
164,454
164,500
164,428
164,385
164,313
164,392
164,383
164,85
164,258
164,153
164,86
164,497
164,425
164,359
164,190
164,6
164,398
164,69
165,140
165,373
165,8
165,20
165,62
165,428
165,227
165,289
165,58
165,328
165,399
165,283
165,28
165,232
165,57
165,10
165,166
165,124
165,475
165,443
165,168
165,431
165,240
165,368
165,481
165,362
165,401
165,91
165,226
165,218
165,323
165,254
165,288
165,53
165,449
165,261
165,66
165,78
165,311
165,186
165,86
165,304
165,285
166,225
166,274
166,188
166,321
166,380
166,323
166,85
166,194
166,493
166,464
166,411
166,227
166,469
166,235
166,190
166,298
166,251
166,392
166,15
166,126
166,162
166,139
166,36
166,295
166,383
166,261
166,229
166,290
166,72
166,142
166,256
166,29
166,205
166,10
166,332
166,115
166,313
166,430
166,236
166,138
166,48
166,286
166,109
166,173
166,155
166,410
166,165
166,357
166,278
167,292
167,117
167,421
167,325
167,337
167,303
167,66
167,290
167,447
167,388
167,312
167,235
167,336
167,444
167,135
167,385
167,293
168,324
168,313
168,229
168,66
168,336
168,270
168,310
168,484
168,493
168,125
168,178
168,220
168,381
168,1
168,118
168,350
168,375
169,130
169,23
169,107
169,429
169,49
169,120
169,22
169,36
169,290
169,145
169,85
169,138
169,301
169,488
169,362
169,283
169,96
169,135
169,6
169,368
169,430
170,59
170,93
170,467
170,50
170,133
170,194
170,345
170,175
170,181
170,238
170,215
170,105
170,217
170,211
170,96
170,407
170,262
170,264
171,298
171,311
171,184
171,52
171,151
171,135
171,15
171,128
171,213
171,38
171,422
171,217
171,286
171,76
171,137
172,248
172,217
172,483
172,104
172,465
172,279
172,310
172,358
172,496
172,250
172,352
172,417
172,323
172,379
173,432
173,291
173,457
173,105
173,303
173,466
173,95
173,394
173,290
173,86
173,217
173,85
173,140
173,180
173,215
173,84
173,242
173,269
173,118
173,14
173,166
173,283
173,302
173,434
173,213
173,227
173,83
173,97
173,489
173,418
174,372
174,6
174,202
174,283
174,151
174,473
174,436
174,408
174,121
174,492
174,87
174,132
174,366
174,323
174,338
174,334
174,267
175,495
175,98
175,326
175,34
175,151
175,480
175,139
175,474
175,246
175,103
175,289
175,214
175,81
175,239
175,237
175,236
175,85
175,118
175,9
175,294
175,448
175,364
175,278
175,304
175,70
175,99
175,38
175,155
175,375
175,179
175,150
175,45
175,32
176,51
176,242
176,19
176,175
176,412
176,72
176,34
176,389
176,59
176,463
176,44
176,116
176,156
176,65
176,118
176,39
176,205
176,183
176,137
177,457
177,404
177,101
177,139
177,81
177,485
177,367
177,387
177,85
177,329
177,43
177,63
177,339
177,103
177,7
177,218
177,40
177,379
177,359
178,18
178,438
178,290
178,475
178,487
178,239
178,156
178,193
178,428
178,483
178,161
178,303
178,495
178,6
178,102
178,453
178,168
178,19
179,389
179,201
179,353
179,41
179,271
179,278
179,437
179,370
179,175
179,195
179,439
179,466
179,34
179,23
179,99
179,28
179,61
180,206
180,451
180,39
180,273
180,202
180,474
180,337
180,447
180,251
180,363
180,410
180,270
180,10
180,463
180,85
180,487
180,294
180,223
180,468
180,55
180,116
180,443
180,280
180,237
180,118
180,267
180,163
180,91
181,386
181,30
181,269
181,380
181,131
181,187
181,45
181,47
181,405
181,484
181,15
181,271
181,262
181,424
181,445
181,224
181,496
182,193
182,95
182,100
182,122
182,482
182,340
182,314
182,289
182,247
182,278
182,191
182,76
182,433
182,128
182,203
182,96
182,492
182,93
182,374
182,86
182,359
182,319
182,234
182,493
182,255
183,176
183,256
183,214
183,454
183,429
183,418
183,329
183,464
183,352
183,110
183,37
183,90
183,162
183,46
183,439
183,358
183,293
183,436
183,124
183,17
184,314
184,221
184,248
184,333
184,77
184,20
184,405
184,353
184,130
184,138
184,119
184,82
184,411
184,435
184,416
184,295
184,171
184,375
185,161
185,434
185,344
185,350
185,118
185,214
185,309
185,201
185,445
185,105
185,93
185,259
185,135
185,293
185,310
185,496
185,154
185,231
185,373
185,375
186,85
186,248
186,99
186,286
186,88
186,475
186,303
186,44
186,165
186,228
186,8
186,162
186,64
186,124
186,97
186,159
186,83
186,414
187,303
187,499
187,124
187,480
187,280
187,85
187,104
187,286
187,111
187,438
187,136
187,329
187,105
187,37
187,243
187,301
187,13
187,98
188,90
188,85
188,144
188,66
188,493
188,325
188,241
188,342
188,307
188,289
188,79
188,419
188,39
188,331
188,166
188,130
188,9
188,118
189,401
189,145
189,157
189,376
189,142
189,263
189,476
189,30
189,340
189,361
189,64
189,326
189,335
189,138
189,437
189,139
189,100
189,383
189,194
190,164
190,66
190,19
190,12
190,363
190,92
190,191
190,225
190,255
190,332
190,290
190,228
190,329
190,273
190,213
190,360
191,19
191,10
191,152
191,87
191,269
191,228
191,226
191,30
191,366
191,303
191,36
191,278
191,244
191,497
191,391
191,336
191,118
191,348
191,38
191,339
191,91
191,408
191,182
191,139
191,39
191,211
191,400
191,102
191,104
191,202
191,283
191,483
191,361
191,420
191,480
191,343
191,465
192,339
192,255
192,21
192,169
192,10
192,480
192,79
192,135
192,343
192,346
192,195
192,198
192,322
192,46
192,78
192,138
192,24
192,494
193,380
193,266
193,246
193,210
193,398
193,195
193,227
193,80
193,19
193,377
193,290
193,323
193,150
193,363
193,402
193,409
193,55
193,118
193,50
193,7
193,178
193,31
193,334
193,333
193,243
193,182
193,355
193,454
193,342
193,229
193,94
194,275
194,341
194,189
194,383
194,10
194,74
194,351
194,57
194,463
194,246
194,384
194,441
194,205
194,82
194,65
195,38
195,90
195,303
195,173
195,121
195,470
195,472
195,463
195,321
195,427
195,272
195,265
195,252
195,192
195,266
195,312
195,84
195,430
196,179
196,291
196,462
196,9
196,254
196,160
196,70
196,330
196,39
196,337
196,383
196,390
196,345
196,247
196,446
196,32
196,106
196,25
197,147
197,194
197,248
197,191
197,295
197,329
197,419
197,303
197,359
197,311
197,496
197,138
197,334
197,269
197,137
197,208
197,487
198,33
198,57
198,335
198,446
198,265
198,478
198,127
198,438
198,104
198,145
198,77
198,244
198,393
198,420
198,386
198,359
199,403
199,442
199,254
199,82
199,202
199,21
199,447
199,327
199,35
199,176
199,495
199,42
199,205
199,18
199,274
199,459
199,7
200,490
200,16
200,463
200,244
200,488
200,246
200,359
200,229
200,40
200,66
200,226
200,350
200,80
200,322
200,245
200,61
200,7
200,416
200,351
200,375
200,362
200,79
200,398
200,253
201,439
201,488
201,336
201,70
201,290
201,262
201,300
201,288
201,376
201,342
201,283
201,468
201,83
201,443
201,354
201,51
201,419
201,364
201,420
201,153
201,433
201,239
201,275
202,261
202,85
202,41
202,201
202,59
202,411
202,363
202,40
202,20
202,361
202,21
202,446
202,493
202,435
202,309
202,55
202,191
202,383
202,392
202,452
202,345
202,87
202,496
202,425
202,39
202,311
202,174
202,334
202,450
202,332
202,314
202,479
202,365
202,80
202,180
202,120
202,478
202,138
202,106
202,326
203,385
203,167
203,173
203,333
203,182
203,320
203,128
203,380
203,130
203,62
203,271
203,312
203,229
203,318
203,411
203,77
203,86
203,437
204,429
204,254
204,236
204,397
204,87
204,410
204,471
204,389
204,83
204,443
204,350
204,16
204,481
204,408
204,105
204,205
204,23
204,214
204,88
204,36
204,368
204,255
204,378
204,74
204,386
204,380
204,323
204,62
205,369
205,114
205,438
205,460
205,176
205,63
205,309
205,160
205,144
205,199
205,85
205,194
205,394
205,204
205,280
206,75
206,102
206,303
206,250
206,330
206,10
206,283
206,58
206,221
206,24
206,345
206,5
206,79
206,470
206,295
206,158
206,468
207,443
207,109
207,290
207,370
207,349
207,141
207,89
207,357
207,118
207,12
207,108
207,53
207,390
207,147
207,106
207,239
208,410
208,62
208,69
208,438
208,197
208,293
208,246
208,215
208,227
208,3
208,500
208,218
208,254
208,49
208,273
208,350
208,85
208,60
209,114
209,101
209,249
209,431
209,201
209,131
209,74
209,60
209,463
209,466
209,494
209,225
209,143
209,27
209,116
209,269
210,466
210,392
210,246
210,363
210,299
210,89
210,483
210,491
210,426
210,29
210,389
210,311
210,151
210,244
210,318
210,486
210,315
210,8
210,193
210,7
211,36
211,345
211,303
211,63
211,57
211,12
211,103
211,6
211,170
211,383
211,294
211,183
211,326
211,39
211,322
211,123
211,71
211,225
211,330
211,419
211,18
211,218
211,229
211,317
211,13
211,252
211,201
211,88
211,49
211,250
211,476
211,169
211,382
211,166
211,84
211,231
211,391
211,421
211,139
211,248
211,150
211,10
211,260
211,473
211,15
211,191
211,96
211,65
211,318
211,316
211,374
211,446
211,393
211,3
211,227
212,406
212,405
212,437
212,404
212,108
212,485
212,130
212,228
212,213
212,429
212,349
212,14
212,417
212,82
212,483
212,231
212,157
212,36
212,99
213,57
213,173
213,473
213,334
213,14
213,309
213,409
213,190
213,290
213,347
213,158
213,139
213,148
213,429
213,413
213,63
213,85
213,25
213,339
213,150
213,445
213,439
213,147
213,88
213,141
213,212
213,79
213,171
213,264
213,95
213,96
213,41
214,30
214,186
214,65
214,217
214,43
214,447
214,10
214,461
214,466
214,201
214,358
214,46
214,204
214,454
214,118
214,428
214,437
214,332
214,307
214,295
214,241
214,138
214,303
214,305
214,183
214,175
214,49
214,91
214,464
214,42
214,362
214,499
215,1
215,262
215,231
215,368
215,303
215,160
215,412
215,427
215,100
215,59
215,392
215,117
215,173
215,208
215,476
215,349
215,50
215,233
215,354
215,365
215,115
215,86
215,323
215,228
215,170
215,369
216,21
216,400
216,59
216,139
216,357
216,136
216,233
216,309
216,112
216,345
216,71
216,467
216,193
216,466
216,3
216,290
216,132
216,96
216,291
216,201
216,343
216,473
216,316
216,2
216,406
216,461
216,38
217,105
217,170
217,223
217,244
217,329
217,443
217,368
217,431
217,63
217,474
217,85
217,309
217,484
217,172
217,260
217,228
217,245
217,101
217,2
217,333
217,39
217,87
217,214
217,467
217,367
217,173
217,34
217,114
217,455
217,94
217,119
217,463
217,434
217,393
217,35
217,65
218,110
218,299
218,481
218,177
218,424
218,253
218,476
218,285
218,417
218,497
218,84
218,117
218,208
218,65
218,379
218,407
218,393
218,106
219,38
219,466
219,443
219,95
219,99
219,231
219,228
219,136
219,272
219,191
219,473
219,339
219,240
219,108
219,399
219,303
219,445
219,133
219,83
220,373
220,214
220,496
220,165
220,72
220,362
220,151
220,85
220,28
220,259
220,330
220,245
220,30
220,493
220,495
220,401
221,148
221,450
221,81
221,290
221,231
221,146
221,301
221,178
221,228
221,395
221,104
221,434
221,184
221,406
221,351
221,244
221,393
221,246
222,134
222,10
222,248
222,120
222,219
222,204
222,450
222,367
222,299
222,43
222,486
222,303
222,318
222,430
223,45
223,368
223,233
223,28
223,344
223,431
223,228
223,474
223,6
223,136
223,424
223,248
223,363
223,91
223,380
223,329
223,217
223,428
223,180
224,439
224,350
224,85
224,112
224,91
224,261
224,310
224,268
224,495
224,181
224,100
224,60
224,370
224,291
224,340
224,420
224,336
225,158
225,102
225,227
225,377
225,497
225,152
225,66
225,463
225,255
225,443
225,413
225,233
225,486
225,331
225,148
225,97
225,90
225,334
225,361
225,138
225,121
225,166
225,60
225,300
225,1
226,297
226,277
226,310
226,284
226,248
226,246
226,88
226,187
226,87
226,332
226,99
226,165
226,359
226,396
226,138
226,200
227,173
227,270
227,436
227,50
227,66
227,43
227,85
227,346
227,211
227,400
227,330
227,362
227,289
227,166
227,241
227,445
227,208
227,231
227,379
228,361
228,151
228,2
228,164
228,243
228,47
228,91
228,473
228,499
228,25
228,165
228,445
228,34
228,371
228,429
228,270
228,457
228,260
228,297
228,347
228,306
228,330
228,207
228,78
228,281
228,388
228,447
228,320
228,443
228,202
228,52
228,245
228,372
228,217
228,118
228,386
228,494
228,290
228,76
228,215
228,383
228,139
228,331
228,298
228,392
228,438
228,497
228,256
228,428
228,21
228,36
228,401
228,406
228,302
228,231
228,38
228,200
228,335
228,16
228,122
228,248
228,246
228,138
228,272
228,150
228,467
228,8
228,284
228,114
228,61
228,119
228,311
228,191
228,81
228,456
228,261
228,172
228,65
228,93
228,300
228,475
228,435
228,479
228,466
228,54
228,66
228,69
228,97
228,88
228,332
228,230
228,478
228,379
228,312
228,477
228,29
228,277
228,186
228,212
228,234
228,296
228,221
228,108
228,20
228,104
228,60
228,370
228,190
228,378
228,427
229,85
229,466
229,244
229,360
229,28
229,10
229,193
229,436
229,274
229,334
229,217
229,440
229,463
229,284
229,308
229,449
229,158
229,29
229,203
229,68
229,265
229,384
229,60
229,405
229,344
229,211
229,368
229,357
229,166
229,103
229,80
229,36
229,309
229,216
230,56
230,44
230,228
230,300
230,66
230,160
230,303
230,85
230,256
230,447
230,432
230,242
230,439
230,299
231,290
231,212
231,136
231,216
231,31
231,57
231,331
231,227
231,463
231,284
231,148
231,185
231,298
231,484
231,349
231,478
231,330
231,144
231,359
231,23
231,154
231,496
231,3
231,211
231,221
231,384
232,408
232,217
232,153
232,85
232,382
232,463
232,219
232,366
232,444
232,130
232,203
232,205
232,107
232,437
232,95
232,410
232,71
232,329
232,392
232,200
232,196
232,267
232,99
232,237
232,64
232,333
232,248
232,235
232,278
232,350
232,347
232,127
232,165
233,387
233,360
233,284
233,254
233,215
233,259
233,361
233,429
233,152
233,22
233,204
233,179
233,147
233,267
233,223
233,225
233,67
233,496
234,262
234,244
234,228
234,182
234,275
234,90
234,385
234,281
234,285
234,377
234,430
234,246
234,159
234,5
234,324
234,72
234,379
234,18
235,402
235,117
235,286
235,257
235,232
235,294
235,303
235,228
235,191
235,261
235,239
235,380
235,106
235,48
235,323
235,419
235,35
235,363
235,301
235,166
235,167
235,102
236,113
236,166
236,273
236,67
236,421
236,9
236,370
236,158
236,361
236,388
236,492
236,175
236,131
236,274
236,327
236,33
236,240
236,316
236,148
237,452
237,16
237,289
237,85
237,179
237,459
237,375
237,109
237,180
237,409
237,155
237,416
237,371
237,232
237,129
237,400
237,422
237,333
237,150
238,466
238,369
238,78
238,404
238,122
238,44
238,436
238,422
238,6
238,56
238,332
238,254
238,18
239,55
239,290
239,303
239,32
239,82
239,457
239,148
239,42
239,207
239,201
239,135
239,231
239,138
239,40
239,475
239,358
239,235
239,163
240,401
240,281
240,151
240,91
240,148
240,324
240,489
240,282
240,137
240,228
240,236
240,160
240,142
240,150
240,215
240,464
240,129
240,299
240,200
240,45
240,402
240,385
240,268
240,86
240,264
240,258
240,467
240,209
240,37
240,190
240,138
240,275
240,132
240,124
240,68
240,245
240,381
240,421
240,212
240,360
240,261
240,14
240,335
240,285
240,22
240,219
240,383
240,484
240,82
240,393
240,379
240,165
240,297
240,50
240,76
241,466
241,50
241,462
241,227
241,251
241,45
241,360
241,214
241,389
241,314
241,479
241,12
241,336
241,99
241,188
241,319
241,493
241,423
241,358
242,65
242,465
242,214
242,45
242,230
242,248
242,21
242,484
242,290
242,85
242,341
242,286
242,393
242,176
242,29
242,394
242,446
243,160
243,255
243,187
243,193
243,123
243,377
243,51
243,290
243,134
243,35
243,401
243,142
243,68
243,469
243,443
243,467
243,330
244,331
244,427
244,25
244,66
244,163
244,153
244,91
244,210
244,109
244,214
244,429
244,43
244,10
244,494
244,351
244,221
244,198
244,239
244,492
244,85
244,476
244,478
244,295
244,5
244,314
244,191
244,290
244,88
244,160
244,4
244,480
244,466
244,307
244,318
244,358
244,61
244,436
244,250
244,390
244,21
244,217
244,420
245,416
245,157
245,110
245,261
245,217
245,406
245,220
245,441
245,373
245,55
245,200
245,68
245,43
245,65
245,356
245,134
245,240
245,454
245,248
245,381
246,94
246,230
246,152
246,191
246,411
246,221
246,88
246,26
246,311
246,62
246,261
246,130
246,22
246,396
246,74
246,488
246,343
246,307
246,50
246,391
246,397
246,354
246,470
246,128
246,459
246,101
246,348
246,208
246,446
246,295
246,55
246,200
246,284
246,423
246,328
246,378
246,441
246,303
246,487
246,106
246,318
246,87
246,464
246,379
246,421
246,338
246,154
246,65
246,424
246,323
246,428
246,340
246,14
246,99
246,407
246,142
246,116
247,200
247,196
247,163
247,117
247,238
247,197
247,383
247,303
247,248
247,287
247,407
247,321
247,105
247,350
247,7
247,182
247,306
248,232
248,440
248,146
248,224
248,194
248,290
248,33
248,261
248,433
248,1
248,386
248,245
248,223
248,186
248,19
248,336
248,416
248,103
248,222
248,253
248,161
248,453
248,314
248,67
248,125
248,470
248,295
248,441
248,138
248,467
248,242
248,436
248,312
248,482
248,79
248,426
248,469
248,348
248,159
248,247
249,139
249,261
249,343
249,318
249,60
249,226
249,453
249,429
249,49
249,476
249,231
249,214
249,161
249,209
249,7
249,147
249,493
249,295
249,474
250,244
250,300
250,356
250,284
250,152
250,66
250,252
250,262
250,113
250,264
250,49
250,256
250,172
250,384
250,429
250,68
250,274
250,211
251,303
251,288
251,93
251,480
251,478
251,125
251,296
251,12
251,38
251,471
251,454
251,166
251,180
251,407
251,75
251,443
252,290
252,66
252,195
252,282
252,443
252,315
252,267
252,76
252,299
252,135
252,95
252,340
252,113
252,128
252,211
252,371
252,430
252,101
252,73
253,290
253,127
253,120
253,333
253,17
253,11
253,111
253,164
253,94
253,234
253,20
253,151
253,213
253,200
253,261
253,1
253,62
253,476
253,89
253,248
253,312
253,85
253,65
253,411
253,81
253,327
253,24
253,448
253,388
253,160
254,182
254,154
254,478
254,21
254,77
254,161
254,349
254,40
254,208
254,87
254,238
254,271
254,442
254,28
254,196
254,120
254,199
255,479
255,151
255,162
255,494
255,182
255,332
255,262
255,41
255,303
255,393
255,476
255,38
255,30
255,368
255,192
255,138
255,400
255,339
255,190
255,275
255,243
256,315
256,401
256,321
256,84
256,387
256,269
256,161
256,90
256,282
256,231
256,248
256,5
256,225
256,245
256,85
256,94
256,59
256,44
256,265
256,459
256,467
256,91
256,481
256,370
256,79
256,228
256,316
256,166
256,415
256,440
257,359
257,458
257,31
257,290
257,466
257,473
257,282
257,168
257,312
257,365
257,49
257,241
257,235
257,134
257,358
257,149
258,184
258,12
258,422
258,19
258,81
258,429
258,78
258,391
258,164
258,284
258,303
258,453
258,108
258,290
258,65
258,60
258,53
258,222
258,498
258,171
258,326
258,80
258,148
258,110
258,85
258,160
258,497
258,450
259,293
259,134
259,93
259,43
259,412
259,36
259,21
259,251
259,10
259,71
259,285
259,309
259,392
259,333
259,145
259,233
259,220
259,361
259,99
259,414
260,126
260,35
260,340
260,217
260,64
260,441
260,1
260,391
260,102
260,45
260,303
260,43
260,158
260,345
260,57
260,319
260,228
260,20
260,493
260,281
261,381
261,228
261,478
261,476
261,319
261,68
261,70
261,180
261,195
261,159
261,16
261,127
261,4
261,65
261,380
261,393
261,264
261,470
261,13
261,335
261,277
261,368
261,440
261,87
261,29
261,129
261,235
261,113
261,479
261,248
261,305
261,224
261,148
261,64
261,371
261,19
261,262
262,466
262,486
262,159
262,287
262,111
262,145
262,285
262,161
262,462
262,364
262,181
262,347
262,328
262,117
262,158
262,85
262,464
262,350
262,426
262,95
262,92
262,130
262,106
262,290
262,170
262,388
262,470
262,89
262,458
262,278
262,207
262,361
262,303
262,249
262,108
262,128
262,261
262,286
262,39
262,13
262,215
263,405
263,343
263,458
263,112
263,110
263,105
263,146
263,356
263,466
263,206
263,306
263,59
263,155
263,36
263,470
263,279
263,404
263,259
264,16
264,78
264,105
264,222
264,291
264,393
264,170
264,319
264,388
264,109
264,36
264,20
264,407
264,107
264,374
264,268
264,473
264,414
264,213
264,376
264,261
264,215
264,402
264,220
264,353
264,44
264,418
264,1
264,303
264,240
264,412
265,274
265,232
265,466
265,24
265,126
265,478
265,32
265,360
265,401
265,26
265,431
265,99
265,129
265,143
265,278
265,406
266,352
266,228
266,156
266,290
266,141
266,36
266,297
266,221
266,466
266,195
266,398
266,193
266,267
266,437
266,111
266,345
267,233
267,174
267,357
267,180
267,289
267,355
267,218
267,95
267,193
267,16
267,266
267,388
267,123
267,252
267,342
267,337
267,307
267,232
267,333
268,289
268,93
268,149
268,301
268,361
268,247
268,351
268,406
268,476
268,466
268,10
268,66
268,164
268,264
268,68
268,362
268,20
268,139
269,456
269,88
269,286
269,366
269,450
269,210
269,47
269,209
269,246
269,444
269,197
269,310
269,483
269,70
269,149
269,441
270,259
270,328
270,104
270,474
270,406
270,336
270,290
270,85
270,1
270,95
270,90
270,373
270,445
270,13
270,180
270,402
270,51
270,391
270,227
270,168
271,392
271,95
271,44
271,428
271,119
271,12
271,282
271,101
271,35
271,431
271,469
271,10
271,131
271,113
271,254
271,283
271,181
272,117
272,234
272,443
272,68
272,446
272,305
272,254
272,214
272,372
272,160
272,144
272,10
272,219
272,409
272,124
272,195
272,303
272,388
272,116
273,327
273,190
273,75
273,445
273,312
273,372
273,279
273,10
273,76
273,411
273,208
273,300
273,301
273,236
273,426
273,498
273,412
273,78
274,85
274,443
274,158
274,326
274,415
274,138
274,484
274,250
274,236
274,202
274,347
274,124
274,199
274,56
274,429
274,314
274,377
274,176
274,448
274,338
274,191
274,321
274,8
274,312
274,79
274,317
274,229
274,398
274,460
274,92
274,323
274,452
275,255
275,333
275,153
275,466
275,276
275,343
275,42
275,160
275,231
275,248
275,300
275,194
275,234
275,240
275,437
276,330
276,335
276,280
276,468
276,22
276,136
276,72
276,123
276,299
276,191
276,38
276,50
276,134
276,400
276,296
276,497
276,275
276,13
277,438
277,24
277,489
277,228
277,261
277,396
277,56
277,125
277,348
277,139
277,282
277,383
277,81
277,31
277,381
277,378
277,425
277,315
277,118
277,158
278,34
278,120
278,234
278,232
278,161
278,358
278,285
278,42
278,356
278,466
278,57
278,308
278,166
278,406
278,231
278,265
278,50
278,352
278,103
278,87
278,487
278,337
278,280
278,263
278,85
278,451
278,175
278,191
278,128
278,299
278,316
278,371
278,182
279,263
279,332
279,228
279,290
279,19
279,390
279,282
279,345
279,323
279,43
279,409
279,34
279,97
279,399
279,301
279,172
279,273
279,81
279,52
279,16
280,159
280,7
280,327
280,290
280,76
280,287
280,175
280,205
280,382
280,66
280,28
280,309
280,180
280,276
280,187
280,393
280,427
280,422
281,486
281,260
281,290
281,68
281,181
281,3
281,35
281,324
281,303
281,261
281,189
281,365
281,368
281,464
281,329
281,228
281,126
281,337
281,102
281,240
281,51
281,234
282,496
282,355
282,450
282,354
282,155
282,357
282,117
282,88
282,250
282,57
282,469
282,438
282,240
282,279
282,277
282,487
282,442
283,85
283,88
283,169
283,20
283,151
283,392
283,66
283,352
283,191
283,271
283,429
283,228
283,84
283,206
283,351
283,332
283,173
283,153
283,201
283,434
283,318
283,68
284,17
284,135
284,1
284,337
284,258
284,96
284,360
284,246
284,21
284,464
284,86
284,401
284,229
284,386
284,462
284,10
284,250
284,87
284,94
284,379
284,313
284,43
284,233
284,310
285,363
285,364
285,395
285,165
285,68
285,48
285,44
285,374
285,162
285,113
285,401
285,447
285,357
285,259
285,320
285,493
285,398
285,30
285,278
285,490
285,345
285,292
285,349
286,494
286,12
286,355
286,226
286,166
286,421
286,66
286,38
286,303
286,372
286,171
286,476
286,332
286,123
286,151
286,150
286,74
286,411
286,320
286,179
286,371
286,262
286,117
286,379
286,235
286,489
286,44
286,187
286,103
286,242
287,61
287,169
287,388
287,202
287,104
287,161
287,377
287,455
287,72
287,80
287,69
287,330
287,340
287,344
287,349
288,303
288,38
288,122
288,416
288,85
288,27
288,367
288,182
288,3
288,357
288,341
288,297
288,478
288,450
288,158
288,298
288,251
288,392
289,234
289,227
289,271
289,197
289,238
289,225
289,1
289,437
289,154
289,240
289,466
289,381
289,380
289,268
289,143
289,267
289,175
289,84
289,237
289,49
289,20
289,492
289,378
289,326
290,445
290,126
290,318
290,407
290,22
290,334
290,387
290,88
290,340
290,279
290,455
290,38
290,433
290,463
290,426
290,305
290,42
290,149
290,103
290,86
290,213
290,39
290,50
290,398
290,446
290,112
290,159
290,90
290,459
290,124
290,443
290,408
290,106
290,304
290,123
290,333
290,52
290,383
290,242
290,449
290,453
290,500
290,193
290,485
290,169
290,439
290,24
290,262
290,99
290,81
290,431
290,323
290,281
290,362
290,270
290,473
290,178
290,392
290,239
290,352
290,320
290,228
290,89
291,122
291,362
291,224
291,295
291,93
291,309
291,181
291,257
291,170
291,490
291,409
291,311
291,92
291,173
291,1
291,216
292,369
292,482
292,405
292,309
292,85
292,275
292,285
292,483
292,289
292,267
292,246
292,392
292,121
292,17
292,24
292,167
292,421
293,137
293,185
293,10
293,6
293,333
293,497
293,143
293,183
293,355
293,169
293,167
293,38
293,208
293,335
293,144
294,449
294,93
294,336
294,142
294,126
294,369
294,432
294,95
294,466
294,152
294,85
294,7
294,361
294,498
294,79
294,175
294,211
294,27
295,205
295,248
295,477
295,184
295,371
295,354
295,103
295,206
295,145
295,193
295,229
295,117
295,424
295,336
295,21
295,72
295,147
295,151
295,372
295,284
295,249
295,130
295,246
295,225
295,214
295,291
295,411
295,493
295,362
295,395
295,356
295,91
295,380
295,366
295,399
295,150
295,478
296,391
296,369
296,434
296,228
296,367
296,435
296,208
296,49
296,379
296,276
296,45
296,313
296,393
296,66
296,390
297,348
297,85
297,83
297,454
297,479
297,90
297,10
297,240
297,134
297,288
297,146
297,31
297,379
297,226
297,266
298,382
298,406
298,40
298,105
298,288
298,384
298,231
298,431
298,315
298,77
298,138
298,303
298,334
298,15
298,166
299,239
299,304
299,363
299,10
299,107
299,203
299,278
299,111
299,139
299,82
299,103
299,230
299,77
299,97
299,351
299,370
299,315
299,210
299,222
299,16
299,420
299,463
299,218
299,99
300,347
300,316
300,452
300,189
300,220
300,264
300,135
300,463
300,225
300,132
300,330
300,402
300,28
300,201
300,439
300,275
300,273
300,230
301,415
301,475
301,321
301,63
301,187
301,273
301,235
301,88
301,279
301,98
301,169
301,310
301,330
301,391
301,138
301,486
301,268
301,328
301,336
301,433
301,69
301,41
302,334
302,157
302,395
302,66
302,125
302,73
302,128
302,91
302,244
302,315
302,43
302,39
302,360
302,393
302,35
303,438
303,191
303,128
303,219
303,188
303,464
303,246
303,398
303,185
303,476
303,79
303,429
303,30
303,328
303,483
303,368
303,156
303,322
303,132
303,85
303,330
303,23
303,54
303,222
303,257
303,164
303,395
303,72
303,214
303,202
303,296
303,453
303,362
303,264
303,477
303,18
303,272
303,466
303,87
303,425
303,176
303,349
303,208
303,80
303,76
303,261
303,260
303,288
303,474
303,406
303,149
303,281
303,369
303,258
303,162
303,455
303,488
303,187
303,255
303,450
303,262
303,133
303,197
303,150
303,417
303,433
303,50
303,239
303,451
303,247
303,215
303,359
303,494
303,389
303,48
303,407
303,19
303,393
303,173
303,401
303,286
304,290
304,434
304,299
304,175
304,213
304,495
304,116
304,462
304,368
304,237
304,165
304,121
304,30
304,7
304,334
304,356
304,341
304,99
304,14
304,314
304,438
305,145
305,214
305,114
305,290
305,115
305,377
305,34
305,197
305,97
305,261
305,310
305,254
305,306
305,37
305,85
305,100
305,474
305,351
305,314
305,393
306,247
306,305
306,459
306,198
306,406
306,466
306,320
306,133
306,430
306,312
306,424
306,118
306,327
307,482
307,123
307,393
307,458
307,246
307,62
307,349
307,87
307,214
307,177
307,353
307,267
307,493
307,1
307,454
307,477
307,153
307,188
307,93
307,371
308,463
308,206
308,265
308,130
308,407
308,425
308,392
308,4
308,75
308,393
308,372
308,491
308,117
308,411
308,278
308,127
308,445
309,292
309,467
309,41
309,159
309,58
309,338
309,131
309,267
309,229
309,500
309,10
309,217
309,440
309,79
309,202
309,4
309,134
309,387
309,82
309,81
309,205
309,213
309,312
309,407
309,375
309,393
309,493
309,310
309,453
309,183
310,269
310,10
310,185
310,284
310,12
310,151
310,306
310,93
310,85
310,309
310,66
310,342
310,305
310,172
310,431
310,400
310,469
310,91
310,312
310,224
310,319
310,163
310,168
310,301
310,461
311,171
311,191
311,489
311,459
311,425
311,202
311,165
311,318
311,59
311,173
311,308
311,122
311,197
311,246
311,228
311,362
312,389
312,378
312,195
312,146
312,436
312,117
312,248
312,66
312,288
312,310
312,309
312,283
312,161
312,345
312,407
312,203
312,465
312,442
312,100
312,346
312,50
312,314
312,167
313,100
313,59
313,443
313,284
313,406
313,180
313,392
313,202
313,166
313,296
313,466
313,95
313,136
313,323
313,61
313,19
313,331
313,158
314,454
314,241
314,202
314,428
314,317
314,90
314,312
314,139
314,495
314,171
314,305
314,363
314,289
314,248
314,304
314,133
314,473
314,296
314,155
314,466
314,186
314,191
314,10
314,380
314,417
314,390
314,478
314,96
314,378
314,19
314,12
314,119
314,369
314,182
315,443
315,378
315,16
315,201
315,298
315,338
315,295
315,60
315,210
315,277
315,72
315,299
315,123
315,160
315,302
315,76
316,256
316,211
316,236
316,485
316,278
316,407
316,21
316,75
316,172
316,10
316,216
316,311
316,300
316,63
316,128
316,379
316,83
317,350
317,342
317,309
317,67
317,428
317,449
317,389
317,249
317,274
317,457
317,141
317,124
317,466
317,92
317,82
317,379
317,334
317,1
318,69
318,87
318,76
318,429
318,304
318,211
318,443
318,23
318,37
318,160
318,222
318,203
318,67
318,283
318,246
318,97
318,294
318,210
318,230
318,139
318,130
318,329
318,21
318,428
318,249
318,98
318,319
319,458
319,260
319,232
319,241
319,57
319,109
319,314
319,281
319,310
319,182
319,10
319,318
319,436
319,380
319,333
319,74
319,264
319,118
319,261
320,372
320,368
320,285
320,158
320,231
320,93
320,290
320,107
320,150
320,481
320,487
320,42
320,306
320,483
320,203
320,477
321,246
321,382
321,368
321,169
321,164
321,386
321,228
321,188
321,101
321,93
321,406
321,274
321,369
321,247
321,195
321,15
322,238
322,175
322,37
322,200
322,420
322,44
322,389
322,96
322,102
322,192
322,463
322,393
322,98
322,303
322,129
322,136
322,458
322,211
322,354
323,290
323,256
323,464
323,348
323,431
323,153
323,10
323,67
323,38
323,128
323,85
323,466
323,453
323,204
323,451
323,457
323,129
323,463
323,397
323,53
323,148
323,266
323,235
323,19
323,228
323,169
323,140
323,347
323,369
323,366
323,372
323,456
323,303
323,248
323,171
323,338
323,274
323,435
323,423
323,15
323,375
323,215
323,230
323,417
323,298
323,401
323,452
323,420
323,299
323,72
323,66
323,43
323,333
323,117
323,160
323,24
323,141
323,82
323,351
323,214
323,314
323,68
323,313
323,383
323,17
323,112
323,59
323,386
323,318
323,246
323,442
323,336
323,199
323,193
323,409
323,275
323,57
323,144
323,172
323,115
323,360
323,410
323,356
323,125
323,174
323,101
323,474
323,328
323,102
323,154
323,391
323,484
323,446
323,385
323,354
323,279
323,436
323,166
323,494
323,165
323,335
324,466
324,357
324,412
324,85
324,131
324,46
324,68
324,28
324,440
324,234
324,426
324,118
324,121
325,36
325,52
325,458
325,456
325,238
325,261
325,84
325,85
325,399
325,72
325,111
325,384
325,20
325,385
325,433
325,32
325,138
326,425
326,10
326,387
326,48
326,193
326,437
326,85
326,362
326,189
326,439
326,202
326,289
326,175
326,51
326,211
326,396
326,258
326,475
326,427
326,274
327,149
327,303
327,287
327,4
327,259
327,389
327,453
327,477
327,385
327,486
327,236
327,436
327,495
327,366
327,463
327,260
327,368
327,147
327,182
327,187
327,306
327,472
327,253
327,356
327,434
327,335
327,88
327,192
327,21
327,405
327,370
327,57
327,85
327,91
327,441
327,100
327,222
327,115
327,191
327,305
327,490
327,475
327,246
327,378
327,464
327,153
327,399
327,466
327,337
327,375
327,412
327,280
328,466
328,68
328,246
328,111
328,332
328,437
328,79
328,494
328,433
328,142
328,301
328,368
328,262
328,323
328,367
328,452
328,362
328,475
328,336
328,84
328,409
328,88
328,354
328,355
328,9
328,35
328,474
328,5
328,372
329,36
329,297
329,190
329,223
329,41
329,288
329,281
329,71
329,364
329,217
329,91
329,10
329,356
329,183
329,177
329,232
329,197
329,40
329,370
329,318
330,152
330,261
330,301
330,231
330,473
330,243
330,136
330,206
330,180
330,376
330,489
330,403
330,276
330,300
330,8
330,228
330,399
330,287
330,220
330,333
330,35
330,478
331,313
331,140
331,188
331,466
331,76
331,225
331,10
331,118
331,110
331,349
331,327
331,468
331,228
331,80
331,339
331,244
331,231
331,493
331,160
332,283
332,214
332,385
332,465
332,259
332,291
332,191
332,11
332,202
332,117
332,70
332,190
332,352
332,350
332,158
332,228
332,441
332,279
332,106
332,238
332,138
333,268
333,221
333,401
333,319
333,474
333,470
333,157
333,22
333,44
333,447
333,383
333,330
333,193
333,273
333,334
333,430
333,290
333,285
333,116
333,217
333,237
333,417
333,419
333,267
333,82
333,259
333,188
333,475
333,21
333,232
333,487
333,382
333,93
333,264
333,181
333,426
333,411
333,89
333,293
333,421
333,129
333,477
333,184
333,99
333,275
333,14
333,253
334,492
334,20
334,350
334,434
334,298
334,54
334,197
334,225
334,109
334,25
334,193
334,93
334,174
334,84
334,314
334,330
334,304
334,158
334,135
334,312
334,479
334,202
334,400
334,317
334,76
334,302
334,290
334,105
335,75
335,242
335,247
335,293
335,431
335,480
335,323
335,189
335,261
335,95
335,85
335,121
335,276
335,240
335,327
336,328
336,46
336,93
336,284
336,252
336,406
336,392
336,191
336,22
336,167
336,466
336,224
336,200
336,418
336,408
336,376
336,301
336,248
336,241
336,458
336,201
336,85
336,13
336,467
336,239
336,7
336,49
336,295
336,24
336,92
336,323
337,225
337,290
337,455
337,267
337,67
337,396
337,41
337,327
337,36
337,377
337,145
337,281
337,444
337,101
337,158
337,196
337,494
337,284
337,102
338,72
338,316
338,132
338,257
338,174
338,16
338,439
338,156
338,246
338,78
338,146
338,233
338,119
338,451
338,380
338,393
338,457
339,177
339,491
339,66
339,417
339,414
339,255
339,191
339,437
339,206
339,80
339,331
339,377
339,192
339,434
339,473
339,141
339,407
340,151
340,162
340,395
340,67
340,287
340,312
340,105
340,157
340,321
340,46
340,423
340,12
340,373
340,72
340,58
340,246
340,466
340,93
340,224
340,392
340,252
340,476
340,50
340,488
340,343
340,290
340,144
340,6
341,304
341,32
341,85
341,439
341,397
341,10
341,297
341,416
341,353
341,145
341,177
341,151
341,288
341,102
341,242
342,267
342,129
342,316
342,429
342,85
342,418
342,137
342,463
342,369
342,319
342,484
342,193
342,188
342,379
342,310
342,479
342,317
342,445
343,340
343,256
343,72
343,208
343,344
343,130
343,394
343,88
343,246
343,191
343,447
343,55
343,275
343,249
343,263
343,192
343,11
344,396
344,167
344,451
344,42
344,287
344,87
344,392
344,484
344,413
344,17
344,94
344,303
344,229
344,223
344,422
344,386
345,72
345,463
345,415
345,214
345,312
345,318
345,468
345,113
345,196
345,260
345,285
345,143
345,202
345,279
345,147
345,21
345,26
345,141
345,145
345,39
345,390
345,135
346,463
346,15
346,379
346,66
346,496
346,489
346,2
346,327
346,243
346,312
346,85
346,486
346,37
346,448
346,201
346,431
346,92
346,118
346,400
346,246
346,332
346,394
346,228
346,353
346,227
346,96
346,137
346,27
346,132
347,381
347,452
347,446
347,151
347,290
347,201
347,232
347,394
347,5
347,403
347,428
347,142
347,457
347,228
347,449
347,300
347,213
347,492
347,450
347,274
347,158
348,317
348,246
348,123
348,20
348,155
348,466
348,90
348,339
348,191
348,201
348,248
348,137
348,297
348,99
348,118
348,404
348,393
349,285
349,395
349,84
349,85
349,287
349,409
349,377
349,327
349,231
349,70
349,59
349,215
349,138
349,443
349,303
349,64
349,331
349,254
350,48
350,153
350,231
350,426
350,85
350,247
350,59
350,217
350,360
350,77
350,422
350,232
350,10
350,27
350,363
350,377
350,428
350,389
350,117
350,88
350,17
350,53
350,430
350,168
350,96
350,221
350,488
350,105
350,302
350,451
350,332
350,13
350,91
350,25
350,45
350,234
350,391
350,380
350,216
350,495
350,464
350,208
350,466
350,49
350,365
350,496
350,362
350,90
350,421
350,419
350,97
350,407
350,52
350,204
350,125
350,7
350,393
350,317
350,224
351,295
351,174
351,214
351,200
351,299
351,334
351,283
351,221
351,441
351,324
351,23
351,150
351,66
351,305
351,363
351,93
351,475
351,264
351,465
351,290
351,112
351,117
351,411
351,158
351,407
351,415
351,416
351,379
351,426
352,55
352,70
352,332
352,57
352,160
352,42
352,368
352,426
352,16
352,290
352,139
352,278
352,266
352,449
352,106
352,24
352,434
353,95
353,293
353,338
353,291
353,28
353,461
353,500
353,264
353,143
353,101
353,419
353,462
353,179
353,393
353,346
353,341
353,386
353,75
353,307
354,93
354,386
354,309
354,11
354,71
354,77
354,103
354,462
354,216
354,178
354,322
354,395
354,473
354,246
354,219
354,72
354,193
354,497
354,303
354,431
354,24
354,447
354,463
354,499
354,293
354,69
354,29
354,201
354,166
354,358
354,403
354,490
354,355
354,56
354,475
354,478
354,10
354,127
354,26
354,215
354,323
354,328
354,192
354,408
354,342
354,195
354,114
354,48
354,282
355,328
355,193
355,87
355,271
355,79
355,2
355,491
355,129
355,330
355,226
355,164
355,80
355,354
355,426
355,140
355,70
355,282
355,293
355,111
355,103
356,329
356,245
356,304
356,217
356,295
356,95
356,486
356,290
356,491
356,481
356,72
356,490
356,278
356,327
356,148
356,116
356,41
357,378
357,388
357,466
357,57
357,217
357,166
357,229
357,285
357,395
357,61
357,374
357,136
357,216
357,267
357,207
357,324
357,491
358,363
358,380
358,18
358,364
358,257
358,295
358,241
358,223
358,183
358,384
358,343
358,388
358,66
358,160
358,429
358,230
358,328
358,116
358,398
358,478
358,246
358,52
358,239
358,203
358,214
358,244
358,172
358,406
358,1
358,426
358,278
358,395
359,164
359,182
359,226
359,311
359,231
359,78
359,284
359,149
359,19
359,198
359,457
359,209
359,130
359,91
359,375
359,194
359,429
359,289
359,142
359,86
359,303
359,401
359,92
359,162
359,474
359,414
359,257
359,120
359,109
359,456
359,407
359,57
359,411
360,61
360,88
360,380
360,201
360,302
360,55
360,57
360,48
360,463
360,375
360,190
360,368
360,323
360,29
360,284
360,265
360,307
361,120
361,191
361,201
361,318
361,499
361,225
361,294
361,436
361,259
361,350
361,464
361,384
361,236
361,228
361,73
361,233
361,91
361,109
361,268
361,35
361,118
361,364
361,471
362,290
362,227
362,182
362,392
362,448
362,169
362,57
362,17
362,63
362,311
362,321
362,200
362,68
362,243
362,366
362,295
362,18
362,328
362,411
362,6
362,350
362,241
362,352
362,21
362,133
362,298
362,429
362,261
362,117
362,268
362,145
362,419
362,314
362,450
362,214
362,108
362,220
362,410
362,403
362,326
362,137
362,379
362,4
363,235
363,392
363,428
363,21
363,202
363,100
363,220
363,223
363,193
363,435
363,447
363,211
363,350
363,180
363,379
363,471
363,162
363,46
363,98
363,314
363,134
363,351
363,40
363,210
364,80
364,106
364,251
364,201
364,35
364,361
364,383
364,44
364,430
364,290
364,483
364,160
364,58
364,397
364,358
364,285
364,388
364,407
364,157
364,377
364,175
364,41
365,37
365,215
365,435
365,390
365,95
365,330
365,385
365,377
365,202
365,316
365,6
365,45
365,408
365,257
365,350
365,397
365,8
365,445
365,393
366,174
366,128
366,20
366,19
366,383
366,134
366,1
366,295
366,410
366,449
366,377
366,44
366,269
366,232
366,323
366,368
367,91
367,26
367,217
367,366
367,238
367,328
367,325
367,85
367,229
367,383
367,66
367,172
367,493
367,392
367,158
367,375
367,296
368,406
368,281
368,366
368,255
368,485
368,145
368,229
368,169
368,360
368,261
368,106
368,413
368,49
368,161
368,114
368,491
368,321
368,327
368,409
368,453
368,17
368,320
368,204
369,105
369,132
369,254
369,231
369,303
369,438
369,167
369,215
369,314
369,321
369,322
369,292
369,22
369,42
369,205
369,118
370,102
370,413
370,90
370,299
370,31
370,228
370,329
370,470
370,449
370,224
370,301
370,191
370,53
370,256
370,65
370,399
370,160
370,27
370,236
371,252
371,246
371,82
371,72
371,162
371,16
371,278
371,237
371,132
371,22
371,92
371,261
371,478
371,394
371,473
371,483
371,228
371,360
372,145
372,393
372,70
372,485
372,2
372,320
372,328
372,391
372,105
372,295
372,130
372,201
372,308
372,493
372,174
372,385
372,479
372,51
372,272
372,12
372,86
372,8
372,286
372,472
372,228
373,107
373,480
373,291
373,345
373,185
373,322
373,358
373,473
373,188
373,428
373,424
373,403
373,270
373,165
373,148
373,72
373,136
374,390
374,418
374,15
374,41
374,302
374,464
374,32
374,275
374,476
374,182
374,401
374,211
374,264
374,285
374,440
374,124
374,158
374,62
375,11
375,184
375,367
375,175
375,436
375,309
375,327
375,200
375,168
375,457
375,143
375,185
375,146
375,128
375,131
375,421
375,323
375,360
375,121
376,296
376,286
376,83
376,31
376,66
376,143
376,36
376,26
376,496
376,169
376,487
376,485
376,400
376,125
376,107
376,336
376,421
376,330
376,430
376,201
377,364
377,400
377,432
377,113
377,423
377,82
377,381
377,16
377,408
377,202
377,75
377,444
377,479
377,350
377,287
377,103
377,6
377,383
377,225
377,243
377,274
377,365
377,86
377,339
378,498
378,174
378,416
378,330
378,166
378,246
378,137
378,433
378,289
378,214
378,38
378,170
378,228
378,419
378,36
378,193
378,314
378,499
378,119
378,345
378,225
378,64
378,68
378,277
378,204
378,357
378,312
378,403
378,400
378,327
378,27
378,59
379,22
379,283
379,144
379,403
379,474
379,15
379,429
379,457
379,100
379,13
379,342
379,399
379,317
379,174
379,421
379,362
379,363
379,392
379,464
379,297
379,370
379,228
379,441
379,231
379,435
379,177
379,311
379,438
379,426
379,61
379,98
379,378
379,169
379,351
379,29
379,350
379,284
379,116
379,414
379,183
379,227
379,481
379,10
379,196
379,454
379,286
379,93
379,398
379,240
379,118
379,218
379,382
379,310
379,431
379,66
379,21
379,145
379,272
379,316
379,401
379,463
379,293
379,479
379,246
379,102
379,47
379,120
379,36
379,172
379,175
379,234
379,91
379,296
379,346
379,416
379,493
380,338
380,118
380,181
380,258
380,66
380,289
380,472
380,225
380,439
380,290
380,302
380,406
380,13
380,235
380,319
380,497
380,204
380,223
380,22
380,214
380,463
380,295
380,68
380,423
380,261
380,459
380,356
380,447
380,460
380,110
380,495
380,122
380,441
380,206
380,120
380,420
380,36
380,8
380,135
380,193
380,203
380,24
380,95
380,91
380,99
380,75
380,31
381,385
381,403
381,205
381,277
381,434
381,168
381,438
381,93
381,210
381,95
381,245
381,432
381,46
381,445
381,240
381,426
381,49
381,158
381,90
382,371
382,117
382,47
382,126
382,170
382,156
382,139
382,466
382,312
382,385
382,121
382,279
382,379
382,321
382,388
382,298
382,211
382,333
382,35
382,232
382,40
382,280
383,469
383,2
383,151
383,110
383,377
383,473
383,177
383,152
383,449
383,290
383,58
383,189
383,228
383,160
383,100
383,166
383,333
383,36
383,81
383,366
383,202
383,364
383,323
383,154
383,194
383,240
383,247
383,103
383,211
384,154
384,231
384,260
384,85
384,473
384,250
384,470
384,22
384,474
384,175
384,266
384,71
384,83
384,442
384,229
384,391
384,30
384,94
384,407
384,38
384,16
384,25
384,298
384,137
384,492
384,361
384,325
385,464
385,423
385,167
385,488
385,147
385,455
385,323
385,45
385,379
385,372
385,49
385,325
385,234
385,365
385,327
385,102
386,246
386,51
386,98
386,198
386,353
386,155
386,204
386,284
386,344
386,474
386,77
386,201
386,454
386,354
386,248
386,321
387,309
387,111
387,95
387,72
387,208
387,379
387,388
387,145
387,275
387,317
387,430
387,18
387,407
387,115
387,256
387,290
387,12
387,461
387,444
388,272
388,496
388,336
388,382
388,72
388,493
388,253
388,364
388,75
388,84
388,132
388,222
388,267
388,432
388,287
388,228
388,387
388,357
388,358
388,264
388,492
389,294
389,10
389,463
389,186
389,178
389,84
389,4
389,45
389,386
389,81
389,303
389,408
389,322
389,24
389,126
389,204
389,327
389,57
389,350
389,176
389,62
389,399
389,452
389,469
389,459
389,312
389,36
390,38
390,314
390,131
390,345
390,207
390,417
390,296
390,350
390,166
390,244
390,313
390,393
390,80
390,39
390,95
390,421
390,374
390,279
390,71
390,196
391,303
391,79
391,98
391,21
391,123
391,290
391,201
391,276
391,187
391,191
391,14
391,152
391,244
391,301
391,489
391,84
391,438
391,270
391,384
391,246
391,74
391,307
391,118
391,156
391,102
391,211
391,487
391,258
391,145
391,296
391,350
392,72
392,367
392,20
392,357
392,290
392,396
392,489
392,259
392,27
392,97
392,332
392,73
392,313
392,292
392,210
392,81
392,25
392,363
392,340
392,202
392,283
392,408
392,50
392,379
392,107
393,348
393,144
393,157
393,280
393,87
393,227
393,88
393,499
393,198
393,302
393,465
393,410
393,104
393,450
393,324
393,52
393,44
393,68
393,460
393,240
393,383
393,438
393,38
393,131
393,176
393,132
393,217
393,92
393,466
393,29
393,457
393,308
393,338
393,160
393,242
393,21
393,353
393,159
393,463
393,398
393,309
393,61
393,96
393,175
393,303
393,189
393,11
393,53
393,178
393,365
393,163
393,261
393,487
393,273
393,350
393,83
393,483
393,401
393,153
393,91
393,354
393,305
393,488
393,145
393,477
393,211
393,277
393,325
393,12
393,306
393,109
393,139
393,10
393,101
393,218
393,296
393,266
393,97
393,100
393,221
393,339
393,3
393,248
393,472
393,95
393,322
393,372
393,255
393,430
393,143
393,264
393,307
394,430
394,225
394,401
394,168
394,66
394,29
394,242
394,151
394,498
394,205
394,439
394,371
394,105
394,130
394,59
394,86
394,417
394,173
394,347
395,53
395,447
395,175
395,85
395,127
395,185
395,295
395,358
395,444
395,392
395,423
395,303
395,357
395,349
395,340
395,440
396,492
396,321
396,94
396,472
396,124
396,107
396,326
396,85
396,226
396,171
396,246
396,392
396,344
396,115
396,337
396,409
396,50
397,364
397,452
397,123
397,49
397,365
397,34
397,246
397,482
397,317
397,455
397,100
397,355
397,427
397,24
397,454
397,143
397,341
397,323
397,113
398,475
398,43
398,93
398,214
398,274
398,435
398,280
398,285
398,290
398,200
398,164
398,492
398,97
398,266
398,303
398,379
398,436
398,358
398,96
398,465
398,420
399,219
399,422
399,370
399,330
399,361
399,62
399,295
399,303
399,466
399,331
399,169
399,389
399,293
399,198
399,67
399,493
399,77
399,373
399,455
399,150
399,309
399,83
399,257
399,279
399,195
399,34
399,432
399,428
399,85
399,415
399,13
399,440
399,266
399,404
399,168
399,135
399,325
399,47
399,138
399,462
399,165
399,327
399,15
400,152
400,434
400,119
400,36
400,425
400,237
400,21
400,450
400,181
400,255
400,276
400,378
400,331
400,67
400,49
400,310
400,191
400,246
400,1
400,344
400,154
400,376
400,62
400,11
400,149
400,334
400,435
400,34
400,64
400,486
400,216
400,31
401,466
401,68
401,393
401,164
401,288
401,303
401,165
401,220
401,406
401,309
401,284
401,362
401,163
401,394
401,118
401,265
401,407
401,409
401,359
401,432
401,499
401,256
402,270
402,241
402,23
402,87
402,375
402,10
402,257
402,488
402,379
402,193
402,163
402,320
402,129
402,121
403,46
403,380
403,378
403,362
403,21
403,18
403,377
403,390
403,411
403,466
403,309
403,66
403,65
403,413
403,60
403,354
403,330
403,199
404,24
404,382
404,340
404,12
404,106
404,348
404,263
404,103
404,40
404,20
404,416
404,177
404,53
404,493
404,130
404,138
404,119
404,420
405,162
405,169
405,157
405,83
405,446
405,466
405,448
405,414
405,38
405,459
405,87
405,440
405,327
405,408
405,10
405,229
405,184
405,39
406,358
406,14
406,494
406,216
406,155
406,33
406,265
406,383
406,61
406,189
406,206
406,416
406,152
406,477
406,232
406,463
406,350
406,466
406,184
406,258
406,446
406,303
406,221
406,105
406,26
406,298
406,74
406,321
406,60
406,336
406,448
406,151
406,268
406,270
406,156
406,306
406,212
406,101
406,150
407,383
407,53
407,95
407,21
407,384
407,218
407,309
407,82
407,8
407,483
407,85
407,303
407,350
407,225
407,169
407,251
407,473
407,88
407,290
407,119
407,361
407,143
407,429
407,449
407,401
407,387
407,10
407,170
407,339
407,364
407,359
407,44
407,246
407,312
407,16
407,343
407,493
407,438
407,316
407,308
407,118
407,247
408,332
408,112
408,95
408,405
408,365
408,471
408,392
408,139
408,191
408,290
408,193
408,449
408,354
408,204
408,2
408,336
408,103
408,465
409,24
409,88
409,25
409,193
409,272
409,367
409,55
409,314
409,284
409,102
409,22
409,136
409,38
409,401
409,328
409,383
409,10
409,152
409,64
409,368
409,127
409,396
409,333
409,145
409,213
409,109
409,323
409,478
409,85
409,237
409,349
410,153
410,9
410,139
410,101
410,362
410,498
410,100
410,166
410,303
410,458
410,485
410,180
410,204
410,323
410,366
410,393
410,232
411,299
411,130
411,308
411,146
411,38
411,438
411,203
411,95
411,184
411,295
411,85
411,333
411,416
411,202
411,150
411,121
411,111
411,273
411,107
411,18
411,253
411,126
411,78
411,43
411,177
412,273
412,117
412,467
412,439
412,264
412,343
412,438
412,21
412,10
412,18
412,327
412,479
412,26
412,176
412,122
412,3
412,259
412,435
412,414
413,338
413,45
413,26
413,85
413,456
413,10
413,447
413,15
413,368
413,372
413,403
413,470
413,344
413,55
413,31
413,137
413,213
413,9
413,370
413,490
413,225
413,406
414,35
414,303
414,361
414,412
414,246
414,118
414,186
414,326
414,295
414,377
414,359
414,340
414,27
414,264
414,138
414,57
414,263
415,342
415,351
415,440
415,470
415,99
415,145
415,10
415,160
415,73
415,22
415,438
415,256
415,274
415,345
415,453
415,109
415,1
415,45
416,411
416,438
416,48
416,379
416,83
416,248
416,373
416,200
416,476
416,484
416,351
416,428
416,228
416,149
416,57
416,463
416,199
416,12
416,175
416,45
416,193
416,59
416,205
416,184
416,245
416,493
416,378
416,404
416,341
417,425
417,250
417,472
417,303
417,212
417,459
417,51
417,172
417,394
417,110
417,482
417,36
417,138
417,15
417,218
417,314
417,5
417,339
417,14
418,52
418,264
418,173
418,162
418,141
418,133
418,330
418,99
418,100
418,447
418,225
418,290
418,124
418,70
418,467
418,145
418,342
418,477
418,494
419,361
419,87
419,72
419,101
419,242
419,201
419,235
419,350
419,347
419,177
419,214
419,351
419,97
419,8
419,3
419,211
420,225
420,454
420,38
420,2
420,404
420,495
420,47
420,157
420,299
420,88
420,343
420,191
420,383
420,198
420,428
420,354
420,459
420,103
420,54
420,473
420,398
420,46
420,201
420,124
420,224
420,244
420,112
420,173
420,76
420,65
420,167
420,66
420,292
420,18
420,116
420,380
420,138
420,323
420,118
421,358
421,292
421,262
421,30
421,390
421,350
421,375
421,193
421,285
421,196
421,374
421,85
421,160
421,3
421,115
421,332
421,246
421,426
421,376
421,333
421,233
421,250
421,88
421,460
421,97
421,211
421,474
421,167
421,79
421,94
421,467
422,237
422,111
422,280
422,125
422,492
422,88
422,122
422,471
422,53
422,372
422,344
422,380
422,15
422,129
422,258
422,171
422,116
422,466
422,399
422,427
422,350
423,246
423,392
423,241
423,420
423,6
423,440
423,66
423,154
423,243
423,52
423,384
423,88
423,90
423,465
423,377
423,493
424,72
424,123
424,44
424,246
424,290
424,306
424,158
424,9
424,22
424,429
424,466
424,181
424,85
424,118
424,40
424,373
424,96
424,447
425,443
425,458
425,293
425,352
425,39
425,38
425,277
425,17
425,290
425,201
425,164
425,400
425,446
425,103
426,85
426,161
426,98
426,381
426,48
426,40
426,355
426,445
426,351
426,273
426,22
426,248
426,358
426,8
426,319
426,324
426,400
426,57
426,9
426,415
426,5
426,290
426,416
426,33
426,262
426,146
426,114
426,350
426,443
426,74
426,421
427,212
427,422
427,228
427,280
427,424
427,224
427,85
427,90
427,445
427,152
427,417
427,496
427,326
427,397
427,247
427,474
427,128
427,151
427,293
427,433
427,6
427,409
427,482
427,194
427,448
427,486
427,471
427,244
428,223
428,246
428,10
428,454
428,318
428,461
428,214
428,483
428,58
428,407
428,62
428,350
428,271
428,164
428,159
428,75
428,416
428,399
428,106
428,438
428,56
428,317
428,178
428,165
428,499
428,93
429,246
429,296
429,440
429,68
429,73
429,52
429,226
429,28
429,250
429,66
429,493
429,342
429,112
429,362
429,212
429,62
429,97
429,169
429,120
429,424
429,466
429,103
429,183
429,85
429,244
429,233
429,407
429,40
429,228
430,129
430,195
430,222
430,166
430,476
430,169
430,464
430,350
430,252
430,376
430,393
430,380
430,364
430,234
430,35
430,306
430,394
431,290
431,310
431,228
431,100
431,197
431,142
431,379
431,114
431,51
431,31
431,35
431,121
431,209
431,217
431,103
431,133
431,14
431,271
431,354
431,59
431,154
431,102
431,19
432,401
432,40
432,126
432,121
432,388
432,20
432,11
432,452
432,172
432,147
432,266
432,36
432,107
432,19
432,294
432,173
432,96
432,125
432,399
433,453
433,301
433,182
433,267
433,290
433,475
433,325
433,411
433,303
433,201
433,444
433,64
433,66
433,97
433,85
433,54
433,166
433,88
433,100
433,24
433,10
433,427
433,460
433,151
433,129
433,328
433,125
433,378
433,495
433,147
433,90
433,82
434,217
434,145
434,352
434,473
434,439
434,221
434,164
434,283
434,152
434,124
434,38
434,339
434,185
434,400
434,296
434,381
434,160
434,138
434,35
435,359
435,88
435,345
435,115
435,463
435,342
435,95
435,412
435,400
435,184
435,468
435,214
435,1
435,493
435,445
435,365
435,363
435,398
435,296
435,323
436,183
436,307
436,327
436,444
436,82
436,125
436,319
436,398
436,85
436,248
436,323
436,350
436,229
436,70
436,244
436,238
437,82
437,38
437,224
437,491
437,266
437,203
437,214
437,44
437,189
437,383
437,472
437,132
437,289
437,47
437,339
437,77
437,212
437,232
437,201
438,304
438,85
438,228
438,214
438,25
438,428
438,308
438,423
438,114
438,461
438,407
438,208
438,476
438,205
438,52
438,4
438,120
438,411
438,381
438,416
438,449
438,103
438,277
438,90
438,444
438,415
438,143
439,358
439,290
439,300
439,335
439,140
439,268
439,230
439,151
439,183
439,47
439,242
439,79
439,326
439,101
439,446
439,132
439,131
439,43
439,96
439,201
439,136
439,138
439,224
439,451
440,290
440,261
440,431
440,379
440,1
440,114
440,374
440,204
440,493
440,309
440,310
440,128
440,95
440,104
440,303
440,350
440,460
440,480
440,257
440,466
440,120
440,12
440,256
440,138
440,423
440,248
440,324
440,97
440,399
440,469
440,132
441,269
441,429
441,60
441,53
441,402
441,228
441,246
441,332
441,248
441,78
441,10
441,454
441,327
441,194
441,86
441,245
441,138
441,116
442,103
442,282
442,12
442,471
442,57
442,384
442,149
442,254
442,332
442,347
442,334
442,312
442,24
442,159
442,323
442,445
442,199
442,135
442,444
443,290
443,426
443,461
443,243
443,225
443,349
443,373
443,205
443,251
443,154
443,161
443,201
443,478
443,204
443,252
443,475
443,180
443,207
443,56
444,363
444,183
444,85
444,167
444,438
444,82
444,387
444,337
444,119
444,498
444,442
444,164
444,467
444,377
444,11
444,65
444,433
444,451
444,395
444,436
444,31
445,414
445,447
445,10
445,442
445,415
445,59
445,181
445,373
445,365
445,446
445,381
445,435
445,342
445,443
445,52
445,270
445,469
445,308
445,69
445,465
445,368
445,11
445,227
445,219
445,426
445,76
445,141
445,290
445,106
445,137
446,248
446,166
446,38
446,263
446,439
446,309
446,74
446,196
446,130
446,323
446,121
446,211
446,335
446,47
446,214
446,246
446,118
446,242
446,290
446,425
446,159
446,230
446,85
446,123
446,139
446,198
446,406
446,54
446,347
447,159
447,463
447,410
447,449
447,9
447,199
447,414
447,31
447,99
447,155
447,424
447,428
447,66
447,343
447,50
447,228
447,101
447,467
447,180
447,333
447,418
447,230
447,93
447,167
447,19
448,215
448,427
448,20
448,133
448,253
448,82
448,303
448,149
448,464
448,328
448,406
448,110
448,88
448,138
448,362
448,346
448,175
448,13
449,290
449,90
449,438
449,208
449,347
449,25
449,64
449,171
449,476
449,352
449,390
449,19
449,447
449,370
449,229
449,294
449,165
450,471
450,138
450,216
450,347
450,80
450,59
450,258
450,90
450,303
450,21
450,145
450,202
450,91
450,38
450,476
450,288
450,370
450,41
450,105
450,383
450,66
450,280
450,287
450,362
450,470
450,282
450,222
450,96
450,393
451,38
451,303
451,43
451,439
451,290
451,278
451,453
451,444
451,69
451,338
451,128
451,291
451,125
451,350
451,35
452,347
452,231
452,389
452,489
452,93
452,85
452,379
452,328
452,180
452,274
452,202
452,216
452,237
452,106
453,290
453,340
453,369
453,309
453,114
453,21
453,36
453,85
453,415
453,368
453,178
453,248
453,122
453,327
453,118
453,90
453,44
453,258
454,53
454,307
454,102
454,406
454,193
454,397
454,441
454,45
454,392
454,174
454,15
454,447
454,354
454,214
454,154
454,222
454,182
454,184
454,46
454,170
454,245
454,400
454,37
454,483
454,231
454,73
454,78
454,289
454,310
454,151
454,175
454,386
454,246
454,290
454,44
454,357
454,379
454,493
454,35
454,420
454,314
454,428
455,377
455,85
455,192
455,72
455,329
455,61
455,217
455,64
455,303
455,349
455,423
455,147
455,130
455,123
455,54
455,290
455,128
456,466
456,175
456,460
456,374
456,359
456,43
456,93
456,188
456,26
456,252
456,83
456,99
456,120
456,117
456,323
456,53
456,325
456,472
456,269
456,134
457,56
457,158
457,213
457,347
457,55
457,326
457,85
457,466
457,363
457,290
457,36
457,338
457,317
457,359
457,41
457,26
457,497
457,239
457,474
457,138
457,177
457,323
458,340
458,253
458,322
458,225
458,38
458,150
458,193
458,303
458,324
458,88
458,326
458,50
458,263
458,307
458,319
458,151
459,72
459,172
459,392
459,219
459,61
459,389
459,290
459,44
459,199
459,56
459,246
459,58
459,237
459,311
459,137
459,256
459,380
459,87
459,306
459,498
459,45
459,405
460,7
460,160
460,377
460,100
460,275
460,433
460,87
460,26
460,476
460,85
460,309
460,274
460,147
460,393
460,467
460,440
460,125
461,228
461,412
461,310
461,109
461,181
461,87
461,89
461,216
461,387
461,353
461,43
461,363
461,438
461,132
461,214
462,66
462,328
462,38
462,414
462,162
462,419
462,182
462,399
462,284
462,7
462,4
462,72
462,45
462,54
462,353
462,196
463,217
463,389
463,323
463,290
463,31
463,431
463,299
463,298
463,102
463,225
463,106
463,447
463,346
463,308
463,345
463,194
463,393
463,354
463,486
463,406
463,476
463,360
463,195
463,200
463,180
463,435
463,416
464,246
464,384
464,151
464,63
464,38
464,214
464,4
464,104
464,75
464,281
464,95
464,383
464,361
464,374
464,323
464,430
464,262
464,490
464,55
464,130
464,163
464,183
464,25
464,379
464,166
464,284
464,485
464,47
464,133
465,398
465,496
465,312
465,191
465,290
465,141
465,134
465,29
465,423
465,292
465,65
465,408
465,445
465,332
465,94
465,35
465,393
466,481
466,422
466,200
466,285
466,420
466,429
466,85
466,225
466,456
466,306
466,317
466,57
466,155
466,219
466,31
466,228
466,268
466,470
466,2
466,294
466,19
466,214
466,424
466,118
466,125
466,327
466,257
466,210
466,357
466,106
466,103
466,116
466,440
466,173
466,399
466,382
466,324
466,393
466,340
466,25
466,262
466,8
466,263
466,336
466,91
466,209
466,265
466,238
466,303
467,21
467,231
467,248
467,85
467,293
467,64
467,217
467,176
467,130
467,283
467,444
467,43
467,460
467,422
467,90
467,253
467,468
467,132
467,136
467,298
467,23
467,421
467,93
467,35
467,375
467,389
467,391
467,151
467,125
467,243
467,447
467,365
467,418
467,119
467,438
467,297
467,309
467,336
467,256
467,104
468,407
468,457
468,202
468,454
468,258
468,43
468,4
468,406
468,111
468,206
468,336
468,38
468,497
468,201
468,469
468,138
468,276
469,96
469,468
469,248
469,310
469,440
469,90
469,21
469,141
469,74
469,389
469,243
469,85
469,138
469,166
469,271
469,383
469,445
470,200
470,296
470,369
470,58
470,240
470,85
470,199
470,248
470,357
470,428
470,450
470,206
470,160
470,44
470,261
470,149
470,466
470,66
470,263
470,246
470,94
470,491
470,73
470,413
470,195
470,473
470,333
470,130
470,370
470,14
470,415
470,262
470,53
471,476
471,464
471,361
471,194
471,427
471,160
471,137
471,363
471,469
471,121
471,151
471,204
471,251
471,422
471,138
471,103
471,408
471,450
471,66
471,158
471,442
472,184
472,345
472,85
472,38
472,290
472,69
472,456
472,135
472,72
472,372
472,144
472,437
472,487
472,130
472,417
472,380
473,371
473,339
473,350
473,290
473,445
473,94
473,438
473,470
473,129
473,330
473,22
473,373
473,228
473,420
473,104
473,138
473,257
473,213
473,131
473,174
473,383
474,333
474,249
474,117
474,68
474,486
474,305
474,347
474,464
474,344
474,303
474,133
474,238
474,488
474,161
474,7
474,136
474,457
474,328
474,129
474,421
474,261
474,85
474,45
474,36
474,247
474,102
474,138
474,118
474,217
474,180
474,386
474,106
474,142
474,427
474,489
474,379
475,43
475,326
475,443
475,437
475,489
475,257
475,146
475,436
475,383
475,439
475,239
475,328
475,67
475,133
475,73
475,165
475,138
475,22
475,477
475,333
475,186
475,107
475,228
476,215
476,246
476,228
476,310
476,438
476,430
476,137
476,339
476,350
476,463
476,314
476,450
476,249
476,268
476,189
476,286
476,303
476,218
476,255
476,120
476,244
476,340
476,127
477,332
477,475
477,170
477,479
477,307
477,395
477,105
477,435
477,320
477,67
477,333
477,418
477,228
477,97
477,136
477,327
477,118
477,406
477,140
478,87
478,288
478,330
478,231
478,314
478,27
478,350
478,443
478,202
478,329
478,402
478,94
478,147
478,247
478,12
478,140
478,371
478,164
478,409
478,158
478,295
478,91
478,418
478,182
478,358
478,354
478,254
478,228
479,342
479,202
479,377
479,164
479,60
479,294
479,261
479,184
479,461
479,482
479,372
479,383
479,241
479,139
479,412
479,379
479,477
479,297
479,9
479,61
479,133
480,191
480,159
480,88
480,443
480,467
480,231
480,389
480,9
480,290
480,130
480,147
480,335
480,440
480,187
481,138
481,126
481,290
481,21
481,293
481,466
481,20
481,165
481,137
481,251
481,272
481,283
481,58
481,17
481,204
481,320
481,118
482,380
482,191
482,151
482,10
482,248
482,92
482,209
482,79
482,27
482,476
482,290
482,110
482,63
482,292
482,307
482,138
482,397
482,417
483,115
483,29
483,191
483,311
483,366
483,155
483,212
483,448
483,371
483,320
483,269
483,36
483,292
483,303
483,407
483,172
483,428
483,393
484,20
484,108
484,283
484,334
484,231
484,246
484,151
484,224
484,36
484,217
484,450
484,66
484,33
484,323
484,344
484,342
484,416
484,490
485,147
485,161
485,17
485,98
485,16
485,290
485,490
485,464
485,177
485,90
485,180
485,368
485,372
485,19
485,376
485,493
485,410
486,210
486,400
486,145
486,447
486,335
486,463
486,492
486,427
486,156
486,32
486,225
486,301
486,281
486,474
486,346
486,262
486,96
487,464
487,342
487,113
487,472
487,391
487,282
487,149
487,448
487,13
487,246
487,197
487,118
487,499
487,333
487,100
488,169
488,465
488,494
488,46
488,246
488,489
488,396
488,66
488,261
488,47
488,303
488,119
488,402
488,474
488,201
488,385
488,79
489,286
489,173
489,474
489,44
489,113
489,115
489,23
489,246
489,294
489,283
489,263
489,457
489,346
489,42
489,277
489,240
489,330
489,475
489,452
489,488
489,392
489,311
490,125
490,83
490,77
490,285
490,240
490,41
490,464
490,356
490,492
490,36
490,413
490,484
490,291
490,354
490,327
490,21
491,145
491,368
491,223
491,123
491,85
491,82
491,35
491,83
491,68
491,92
491,357
491,356
491,437
491,7
491,210
491,48
491,498
492,35
492,217
492,384
492,347
492,285
492,101
492,182
492,289
492,388
492,4
492,107
492,346
492,244
492,174
492,236
492,64
493,56
493,21
493,139
493,132
493,485
493,290
493,423
493,155
493,46
493,246
493,60
493,295
493,404
493,296
493,407
493,13
493,41
493,392
493,307
493,438
493,88
493,486
493,69
493,416
493,309
493,241
493,106
493,330
493,170
493,89
493,153
493,135
493,420
493,133
493,367
493,3
493,415
493,108
493,27
493,249
493,454
493,331
493,285
493,182
493,435
493,118
493,6
493,130
493,10
493,429
493,500
493,190
493,304
493,379
493,70
493,261
493,85
493,63
493,473
493,303
493,68
493,140
493,260
493,86
493,372
493,7
493,42
493,443
493,129
493,220
493,168
493,440
493,19
493,50
493,202
494,108
494,303
494,163
494,192
494,487
494,323
494,350
494,418
494,337
494,312
494,207
494,70
494,244
494,140
494,488
494,286
494,42
495,192
495,350
495,139
495,220
495,468
495,38
495,280
495,401
495,433
495,238
495,310
495,178
495,420
495,304
495,199
495,327
495,175
495,130
496,410
496,490
496,346
496,48
496,397
496,156
496,231
496,57
496,233
496,185
496,22
496,33
496,350
496,465
496,202
496,172
496,427
496,6
497,258
497,457
497,205
497,468
497,191
497,292
497,276
497,164
497,43
497,374
497,74
497,175
497,2
497,10
497,150
497,21
497,225
497,85
498,198
498,122
498,491
498,232
498,459
498,85
498,273
498,72
498,244
498,192
498,294
498,183
498,143
498,52
498,258
498,378
498,77
498,147
499,487
499,467
499,207
499,412
499,401
499,160
499,85
499,428
499,214
499,347
499,193
499,377
499,354
499,62
499,228
499,83
499,17
500,18
500,488
500,290
500,14
500,57
500,152
500,141
500,345
500,351
500,365
500,457
500,95
500,112
500,164
500,102
500,309
500,493
500,353
500,148
