1,360
1,145
1,229
1,256
1,92
1,101
1,484
1,259
1,488
1,379
1,348
1,65
1,475
1,477
1,18
1,291
1,29
1,457
1,365
1,329
1,179
2,481
2,205
2,499
2,447
2,96
2,492
2,234
2,325
2,109
2,6
2,9
2,485
2,428
2,293
2,58
3,247
3,384
3,376
3,254
3,447
3,137
3,107
3,493
3,181
3,129
3,139
3,300
3,392
3,81
3,235
3,222
3,6
3,332
3,14
3,110
3,488
3,358
3,57
3,390
3,59
3,379
3,78
3,169
3,146
3,405
3,219
3,8
3,51
3,482
3,257
3,231
3,234
3,481
3,172
3,333
3,63
3,374
3,52
3,433
3,128
3,163
3,26
3,330
3,323
3,339
3,167
3,492
3,440
4,35
4,231
4,421
4,50
4,32
4,118
4,11
4,441
4,128
4,10
4,482
4,121
4,335
4,359
4,481
4,318
4,217
4,352
4,80
4,278
4,370
4,294
4,174
4,43
5,471
5,290
5,231
5,481
5,197
5,411
5,20
5,149
5,421
5,44
5,121
5,400
5,15
5,360
5,154
5,460
5,178
5,18
5,267
5,484
6,274
6,420
6,194
6,282
6,128
6,186
6,295
6,75
6,346
6,393
6,139
6,29
6,450
6,113
6,320
6,88
6,208
6,277
6,2
6,293
6,161
6,319
6,335
6,265
7,223
7,260
7,139
7,492
7,17
7,353
7,76
7,191
7,430
7,194
7,8
7,25
7,18
7,293
7,375
7,371
7,43
7,228
7,209
7,92
8,234
8,53
8,169
8,348
8,292
8,392
8,203
8,364
8,231
8,493
8,465
8,17
8,142
8,92
8,430
8,145
8,395
8,411
8,325
8,400
8,495
8,13
8,286
8,277
8,43
8,334
8,135
8,162
8,492
8,151
8,416
8,66
8,3
8,375
8,368
8,119
8,268
8,453
8,310
8,192
8,87
8,482
8,131
8,49
8,25
8,93
8,336
8,60
8,269
8,207
8,328
8,374
8,280
8,12
8,360
8,18
8,78
8,494
8,451
8,291
8,441
8,279
8,468
8,11
8,294
8,133
9,231
9,147
9,222
9,348
9,120
9,172
9,447
9,94
9,66
9,214
9,379
9,361
9,218
9,2
9,18
9,401
9,136
10,51
10,37
10,178
10,349
10,254
10,181
10,348
10,184
10,38
10,140
10,168
10,316
10,428
10,21
10,212
11,309
11,333
11,421
11,396
11,111
11,348
11,386
11,75
11,8
11,377
11,138
11,343
11,252
11,277
11,80
11,336
11,482
11,43
11,176
11,39
11,469
11,187
11,64
11,392
11,182
11,416
11,492
11,444
12,267
12,231
12,450
12,318
12,8
12,379
12,155
12,468
12,408
12,116
12,153
12,151
12,289
12,17
12,346
13,340
13,189
13,465
13,8
13,65
13,101
13,231
13,304
13,204
13,361
13,42
13,138
13,360
13,442
13,413
13,18
13,217
13,131
13,352
14,229
14,304
14,122
14,90
14,452
14,204
14,80
14,267
14,187
14,236
14,37
14,331
14,39
14,322
14,218
14,160
14,155
14,399
14,18
14,464
14,344
14,147
14,238
15,399
15,5
15,82
15,231
15,204
15,181
15,29
15,230
15,331
15,234
15,260
15,43
15,46
15,69
15,472
15,102
15,314
15,360
15,216
16,395
16,113
16,120
16,145
16,280
16,289
16,231
16,252
16,405
16,204
16,481
16,232
16,360
16,416
16,18
16,305
16,233
17,12
17,118
17,234
17,481
17,60
17,494
17,398
17,75
17,240
17,233
17,295
17,82
17,258
17,420
17,379
17,8
17,94
17,442
17,222
17,188
17,327
17,71
17,28
17,472
17,150
17,482
17,159
17,7
17,37
17,89
17,328
17,142
17,93
17,55
17,252
17,59
17,105
18,294
18,193
18,180
18,195
18,302
18,323
18,362
18,485
18,304
18,280
18,53
18,90
18,26
18,231
18,28
18,137
18,472
18,281
18,373
18,8
18,492
18,252
18,385
18,358
18,119
18,234
18,48
18,397
18,101
18,458
18,415
18,74
18,451
18,89
18,181
18,260
18,194
18,359
18,390
18,98
18,317
18,496
18,243
18,287
18,378
18,267
18,384
18,460
18,417
18,330
18,207
18,133
18,68
18,126
18,414
18,254
18,168
18,201
18,11
18,376
18,92
18,372
18,1
18,341
18,334
18,62
18,114
18,30
18,248
18,379
18,375
18,134
18,46
18,488
18,220
18,75
18,332
18,135
18,246
18,61
18,457
18,5
18,428
18,329
18,212
18,167
18,479
18,34
18,72
18,22
18,91
18,391
18,107
18,258
18,320
18,478
18,56
18,151
18,339
18,13
18,71
18,328
18,481
18,146
18,389
18,374
18,427
18,120
18,112
18,240
18,411
18,275
18,12
18,286
18,453
18,217
18,423
18,14
18,324
18,37
18,94
18,348
18,77
18,425
18,154
18,482
18,407
18,337
18,325
18,123
18,370
18,139
18,242
18,145
18,355
18,122
18,238
18,55
18,183
18,360
18,169
18,398
18,462
18,401
18,43
18,430
18,353
18,3
18,278
18,431
18,261
18,204
18,380
18,227
18,452
18,344
18,285
18,447
18,237
18,493
18,399
18,7
18,209
18,41
18,185
18,279
18,52
18,140
18,262
18,31
18,117
18,296
18,188
18,228
18,368
18,345
18,277
18,381
18,483
18,392
18,83
18,312
18,136
18,164
18,165
18,116
18,299
18,284
18,59
18,327
18,95
18,470
18,293
18,80
18,60
18,387
18,214
18,184
18,408
18,301
18,377
18,291
18,35
18,67
18,160
18,268
18,175
18,16
18,157
18,300
18,409
18,141
18,176
18,211
18,96
18,105
18,198
18,178
18,50
18,410
18,186
18,232
18,315
18,342
18,473
18,259
18,163
18,433
18,149
18,226
18,383
18,177
18,36
18,9
18,73
18,81
18,400
18,222
18,40
18,162
18,494
18,306
18,310
18,351
18,249
18,54
18,45
18,349
18,499
18,159
18,369
18,229
18,311
18,191
18,471
18,289
18,66
18,124
18,104
18,436
18,86
18,346
18,256
18,290
18,449
18,97
18,356
18,47
18,426
18,271
18,39
18,437
18,202
18,129
18,236
18,402
18,352
18,102
18,463
18,336
18,215
18,110
19,85
19,125
19,293
19,281
19,160
19,11
19,67
19,234
19,156
19,453
19,305
19,320
19,497
19,205
19,381
19,92
19,26
19,176
20,492
20,35
20,481
20,315
20,487
20,371
20,236
20,488
20,181
20,72
20,115
20,439
20,108
20,431
20,277
20,460
20,5
20,461
21,448
21,181
21,10
21,348
21,332
21,193
21,378
21,38
21,352
21,462
21,251
21,201
21,283
21,185
22,69
22,231
22,337
22,123
22,93
22,145
22,462
22,113
22,127
22,234
22,105
22,293
22,137
22,384
22,335
22,400
22,18
22,430
22,475
22,178
23,267
23,82
23,423
23,218
23,234
23,103
23,276
23,194
23,210
23,75
23,77
23,214
23,29
23,139
23,11
23,380
23,231
23,96
23,483
23,364
23,34
23,493
23,13
23,176
23,227
23,460
23,242
23,277
23,43
23,74
24,304
24,173
24,403
24,464
24,342
24,355
24,11
24,54
24,27
24,481
24,182
24,44
24,383
24,268
24,276
24,220
24,102
24,360
24,84
24,398
25,139
25,384
25,56
25,137
25,8
25,455
25,462
25,165
25,472
25,482
25,155
25,330
25,344
25,27
25,446
25,474
26,343
26,66
26,120
26,19
26,231
26,493
26,3
26,155
26,209
26,311
26,101
26,409
26,350
26,238
26,433
27,154
27,231
27,447
27,25
27,202
27,363
27,234
27,262
27,35
27,313
27,223
27,164
27,241
27,171
27,24
27,117
27,396
27,286
27,430
27,374
27,93
28,368
28,307
28,75
28,17
28,217
28,89
28,434
28,79
28,168
28,282
28,154
28,448
28,18
28,286
28,192
28,139
28,446
29,408
29,162
29,1
29,354
29,267
29,295
29,211
29,54
29,271
29,358
29,28
29,412
29,218
29,6
29,430
29,402
29,23
29,478
29,158
29,186
30,186
30,42
30,238
30,8
30,119
30,174
30,479
30,103
30,267
30,57
30,32
30,46
30,18
30,33
31,378
31,350
31,8
31,231
31,237
31,115
31,181
31,184
31,259
31,58
31,61
31,18
31,492
31,322
31,155
31,360
31,282
31,197
32,231
32,87
32,256
32,349
32,480
32,391
32,145
32,402
32,252
32,291
32,230
32,292
32,482
32,93
32,328
32,60
32,166
32,450
32,4
32,197
33,30
33,358
33,443
33,118
33,234
33,181
33,308
33,129
33,62
33,461
33,108
33,112
33,360
33,127
33,344
33,311
33,397
33,392
33,46
33,426
34,347
34,344
34,350
34,89
34,188
34,291
34,236
34,181
34,417
34,345
34,135
34,6
34,492
34,154
34,396
34,398
34,23
34,87
35,112
35,301
35,257
35,211
35,393
35,175
35,1
35,106
35,199
35,497
35,278
35,300
35,197
35,396
35,205
35,334
35,287
35,428
35,77
35,49
35,50
35,27
35,20
35,425
35,430
35,64
35,178
35,406
35,125
35,456
35,401
35,283
35,117
35,75
35,270
35,444
35,4
36,488
36,321
36,250
36,231
36,193
36,267
36,107
36,209
36,194
36,98
36,52
36,56
36,133
36,492
36,260
36,437
36,416
37,275
37,17
37,372
37,447
37,234
37,47
37,375
37,14
37,231
37,136
37,112
37,348
37,69
37,140
37,418
37,18
37,10
37,128
37,360
37,198
38,358
38,185
38,402
38,363
38,139
38,231
38,168
38,153
38,357
38,367
38,353
38,369
38,488
38,134
38,10
38,205
38,46
38,286
39,308
39,336
39,345
39,231
39,20
39,14
39,462
39,11
39,495
39,35
39,157
39,240
39,123
39,197
39,266
39,43
39,416
39,497
39,421
40,307
40,270
40,490
40,449
40,279
40,21
40,67
40,304
40,181
40,237
40,107
40,428
40,313
40,267
40,387
41,237
41,117
41,475
41,230
41,466
41,137
41,459
41,493
41,112
41,227
41,348
41,18
41,84
41,444
41,336
41,492
42,207
42,231
42,211
42,440
42,105
42,137
42,75
42,193
42,319
42,76
42,114
42,138
42,120
42,234
42,30
42,246
43,362
43,471
43,384
43,44
43,223
43,290
43,150
43,267
43,280
43,272
43,463
43,348
43,249
43,145
43,408
43,447
43,386
43,351
43,338
43,147
43,450
43,345
43,142
43,381
43,314
43,7
43,98
43,330
43,8
43,379
43,23
43,202
43,11
43,39
43,112
43,173
43,199
43,255
43,309
43,481
43,71
43,50
43,176
43,319
43,462
43,283
43,387
43,114
43,231
43,139
43,234
43,244
43,425
43,246
43,350
43,229
43,269
43,359
43,265
43,358
43,15
43,115
43,252
43,189
43,212
43,390
43,75
43,211
43,45
43,373
43,357
43,262
43,48
43,376
43,222
43,194
43,430
43,152
43,4
43,316
43,383
43,162
43,165
43,500
43,167
43,488
43,128
43,289
43,449
43,209
43,424
43,224
43,482
43,266
43,451
43,326
43,146
43,97
43,416
43,332
43,256
43,18
43,273
43,188
44,376
44,483
44,413
44,114
44,402
44,453
44,50
44,158
44,449
44,75
44,101
44,169
44,500
44,211
44,325
44,265
44,176
44,24
44,43
45,38
45,234
45,337
45,362
45,358
45,262
45,281
45,225
45,148
45,231
45,450
45,329
45,499
45,232
45,18
45,280
45,176
46,367
46,239
46,194
46,472
46,332
46,145
46,82
46,246
46,253
46,409
46,275
46,34
46,54
46,231
46,407
46,382
46,30
46,346
46,101
46,48
46,8
46,348
46,73
46,70
46,114
46,426
46,459
46,33
46,105
46,74
46,298
46,315
46,369
46,162
46,38
46,41
46,363
46,15
46,384
46,237
46,146
46,341
46,322
46,497
46,449
46,396
46,80
46,450
46,399
46,176
46,267
46,213
46,202
46,152
46,235
46,18
46,499
46,436
47,348
47,101
47,267
47,92
47,50
47,481
47,252
47,14
47,108
47,460
47,55
47,89
47,129
47,291
47,37
47,120
47,49
47,18
47,467
48,397
48,401
48,22
48,304
48,75
48,200
48,204
48,416
48,11
48,145
48,179
48,173
48,203
48,296
48,84
48,421
48,492
48,343
48,59
48,357
48,280
48,93
48,258
48,250
48,233
48,483
48,277
48,181
49,345
49,231
49,408
49,11
49,275
49,441
49,462
49,134
49,145
49,384
49,8
49,268
49,112
49,358
49,17
49,35
49,348
49,47
49,136
49,306
49,379
49,180
49,360
49,82
49,481
50,35
50,377
50,296
50,75
50,16
50,8
50,88
50,488
50,139
50,234
50,437
50,322
50,207
50,173
50,353
50,231
50,76
50,392
50,128
50,194
50,93
50,111
50,293
50,316
50,444
50,452
50,115
50,103
50,261
50,356
50,47
51,247
51,301
51,112
51,181
51,204
51,245
51,447
51,252
51,64
51,154
51,75
51,231
51,86
51,431
51,88
51,220
51,494
51,430
51,411
51,196
52,236
52,495
52,300
52,89
52,93
52,265
52,238
52,71
52,75
52,121
52,80
52,282
52,190
52,286
52,264
52,78
52,252
52,409
52,259
52,360
52,289
52,430
53,231
53,240
53,381
53,166
53,100
53,462
53,245
53,337
53,75
53,384
53,361
53,8
53,473
53,147
53,395
53,18
53,444
54,358
54,77
54,348
54,293
54,114
54,287
54,231
54,48
54,155
54,145
54,181
54,267
54,387
54,148
54,277
54,449
54,46
54,313
55,65
55,239
55,17
55,154
55,231
55,25
55,352
55,24
55,111
55,174
55,162
55,234
55,47
55,170
55,428
55,439
56,129
56,150
56,375
56,84
56,69
56,36
56,214
56,144
56,312
56,126
56,234
56,283
56,280
56,158
56,500
56,453
56,324
56,276
56,25
57,358
57,159
57,231
57,297
57,19
57,405
57,2
57,224
57,472
57,139
57,459
57,145
57,190
57,272
57,181
57,369
58,231
58,166
58,464
58,492
58,145
58,234
58,338
58,228
58,183
58,2
58,101
58,238
58,391
58,34
58,139
58,222
58,243
58,211
58,381
58,61
58,301
58,241
58,356
58,359
58,360
58,473
58,95
58,262
58,245
58,31
59,481
59,310
59,400
59,348
59,200
59,327
59,134
59,267
59,230
59,254
59,48
59,137
59,49
59,356
59,358
59,17
59,201
59,180
59,136
59,308
59,453
59,38
59,264
59,336
59,257
59,211
59,73
59,198
59,473
59,281
59,369
60,389
60,33
60,227
60,23
60,8
60,405
60,490
60,261
60,494
60,457
60,11
60,32
60,336
60,455
60,280
60,383
60,420
60,134
60,18
60,105
60,196
61,231
61,336
61,111
61,248
61,92
61,62
61,423
61,190
61,397
61,152
61,118
61,166
61,280
61,89
61,18
61,417
61,308
61,391
62,101
62,231
62,333
62,391
62,118
62,165
62,112
62,128
62,173
62,462
62,94
62,284
62,88
62,33
62,375
62,458
62,291
62,293
62,286
63,438
63,309
63,285
63,403
63,301
63,231
63,449
63,251
63,266
63,139
63,168
63,8
63,484
63,207
63,259
63,163
63,195
63,3
64,460
64,75
64,453
64,421
64,35
64,48
64,269
64,126
64,165
64,11
64,267
64,390
64,187
64,317
64,492
64,86
64,303
64,495
65,176
65,207
65,461
65,475
65,141
65,258
65,82
65,83
65,135
65,462
65,86
65,75
65,336
65,318
65,493
65,360
65,55
65,388
65,13
65,277
65,293
66,267
66,88
66,122
66,189
66,128
66,231
66,8
66,222
66,6
66,430
66,165
66,35
66,18
66,340
66,438
66,108
67,331
67,379
67,251
67,290
67,460
67,419
67,408
67,118
67,358
67,191
67,267
67,227
67,360
67,293
67,473
67,442
67,299
67,93
67,449
67,463
67,19
67,18
67,229
67,131
68,168
68,189
68,487
68,323
68,424
68,368
68,488
68,54
68,178
68,427
68,471
68,110
68,197
68,242
68,85
68,324
68,469
68,181
69,37
69,15
69,234
69,117
69,231
69,176
69,296
69,276
69,79
69,348
69,149
69,481
69,396
69,56
69,134
69,84
69,197
69,148
70,32
70,231
70,483
70,481
70,390
70,433
70,126
70,265
70,267
70,456
70,117
70,494
70,249
70,262
70,468
70,206
70,445
70,158
70,94
70,285
70,274
70,280
70,401
70,100
71,137
71,380
71,267
71,358
71,222
71,109
71,82
71,431
71,281
71,465
71,254
71,10
71,188
71,483
71,487
71,207
71,165
71,321
71,317
71,396
71,313
71,473
71,405
71,326
71,383
71,151
71,142
71,277
71,112
71,197
72,168
72,378
72,77
72,234
72,481
72,223
72,96
72,231
72,122
72,478
72,85
72,239
72,102
72,18
72,473
72,20
72,474
73,136
73,150
73,8
73,420
73,335
73,63
73,499
73,59
73,101
73,467
73,231
73,480
73,368
73,430
73,416
73,206
73,367
73,90
73,419
74,138
74,267
74,400
74,188
74,421
74,23
74,358
74,246
74,59
74,452
74,203
74,371
74,341
74,46
74,171
74,444
74,239
74,279
74,18
75,196
75,250
75,35
75,330
75,492
75,138
75,348
75,52
75,493
75,91
75,93
75,276
75,50
75,11
75,100
75,160
75,53
75,189
75,293
75,306
75,28
75,147
75,428
75,320
75,178
75,472
75,43
75,48
75,103
75,441
75,448
75,259
75,134
75,84
75,499
75,479
75,42
75,433
75,197
75,477
75,473
75,467
75,369
75,175
75,268
75,161
75,468
75,123
75,439
75,414
75,235
75,460
75,416
75,294
75,453
75,248
75,77
75,444
75,23
75,176
76,241
76,39
76,475
76,181
76,139
76,366
76,231
76,325
76,273
76,346
76,431
76,412
76,221
76,280
76,482
77,155
77,481
77,211
77,412
77,234
77,8
77,383
77,341
77,139
77,181
77,116
77,117
77,179
77,201
77,288
77,35
77,353
77,302
77,365
77,347
77,256
77,390
77,75
77,82
77,141
77,393
77,401
77,54
77,314
77,385
77,285
77,411
77,277
77,280
77,72
77,202
78,358
78,451
78,367
78,270
78,348
78,341
78,433
78,8
78,456
78,262
78,49
78,492
78,298
78,234
78,168
78,122
78,71
78,366
78,259
78,52
78,169
78,300
78,360
78,359
78,342
78,473
78,424
79,382
79,389
79,231
79,348
79,143
79,299
79,255
79,26
79,489
79,30
79,234
79,306
79,280
79,244
79,473
79,362
80,404
80,134
80,16
80,421
80,245
80,380
80,111
80,231
80,498
80,295
80,150
80,112
80,348
80,11
80,307
80,168
80,425
80,148
80,119
80,405
80,189
80,278
80,359
80,306
80,232
80,96
80,439
80,212
80,154
80,453
80,46
80,358
80,198
80,469
80,315
80,253
80,14
80,52
80,486
80,155
80,132
81,240
81,231
81,227
81,99
81,181
81,133
81,119
81,437
81,289
81,123
81,326
81,492
81,396
81,18
81,246
81,118
82,49
82,267
82,77
82,375
82,105
82,87
82,53
82,154
82,482
82,429
82,358
82,84
82,260
82,23
82,17
82,65
82,71
83,465
83,306
83,347
83,117
83,321
83,231
83,145
83,126
83,81
83,348
83,460
83,299
83,106
83,65
83,263
83,478
83,89
83,226
84,340
84,69
84,229
84,75
84,373
84,264
84,28
84,236
84,211
84,434
84,142
84,167
84,379
84,182
84,71
84,134
84,404
84,132
84,154
84,352
84,494
84,482
84,82
84,48
84,462
84,493
84,473
84,234
84,267
84,41
84,231
84,181
84,299
84,81
84,141
84,382
84,86
84,395
84,157
84,400
84,24
84,111
84,139
84,137
84,412
84,358
84,127
84,56
84,343
84,396
84,367
85,407
85,440
85,42
85,134
85,252
85,457
85,351
85,99
85,68
85,146
85,90
85,101
85,445
85,477
85,212
85,100
85,378
85,297
85,367
86,284
86,64
86,221
86,426
86,181
86,394
86,249
86,114
86,231
86,493
86,365
86,51
86,399
86,474
86,84
86,282
86,280
86,283
86,410
86,65
86,330
86,172
86,488
86,157
86,492
87,376
87,8
87,22
87,370
87,454
87,244
87,386
87,112
87,231
87,356
87,34
87,492
87,438
87,299
87,220
87,197
87,451
87,209
87,32
87,95
88,234
88,51
88,168
88,231
88,9
88,62
88,428
88,421
88,494
88,272
88,6
88,50
88,476
88,399
88,377
88,322
89,443
89,213
89,189
89,61
89,319
89,282
89,47
89,481
89,422
89,70
89,384
89,83
89,152
89,253
89,369
89,488
89,202
89,17
89,260
89,125
89,43
89,330
89,274
89,473
89,325
89,307
89,280
89,321
89,216
89,52
89,291
90,142
90,73
90,52
90,75
90,99
90,293
90,490
90,145
90,231
90,451
90,368
90,154
90,121
90,415
90,119
90,230
90,14
90,130
91,86
91,324
91,341
91,323
91,231
91,141
91,83
91,376
91,349
91,358
91,75
91,188
91,105
91,330
91,407
91,182
91,296
92,263
92,107
92,234
92,219
92,8
92,172
92,361
92,431
92,224
92,7
92,19
92,122
92,18
92,47
92,61
92,346
92,139
93,75
93,367
93,32
93,67
93,181
93,231
93,310
93,396
93,435
93,394
93,186
93,145
93,298
93,419
93,390
93,489
93,236
93,408
93,374
93,423
93,382
93,439
93,179
93,229
93,187
93,8
93,17
93,351
93,209
93,456
93,136
93,48
93,304
93,273
93,267
93,221
93,344
93,112
93,138
93,128
93,234
93,199
93,379
93,27
93,302
93,492
93,434
93,272
93,291
93,465
93,22
94,237
94,487
94,416
94,313
94,463
94,231
94,163
94,306
94,278
94,252
94,311
94,478
94,429
94,17
94,471
94,104
94,293
94,286
94,18
94,176
94,105
94,424
94,112
95,447
95,491
95,486
95,87
95,210
95,58
95,262
95,264
95,39
95,231
95,493
95,243
95,136
95,476
95,162
95,234
95,348
95,190
95,307
95,308
95,276
95,181
95,300
95,333
95,287
95,18
95,176
95,492
95,483
96,211
96,134
96,229
96,44
96,203
96,231
96,267
96,67
96,388
96,136
96,344
96,281
96,486
96,119
96,222
96,141
96,102
96,145
96,441
96,453
96,175
96,493
96,2
96,360
96,161
96,18
96,491
96,110
97,342
97,329
97,418
97,466
97,294
97,232
97,348
97,474
97,438
97,333
97,237
97,291
97,108
97,314
97,473
97,118
98,186
98,487
98,140
98,392
98,161
98,231
98,298
98,52
98,4
98,418
98,318
98,144
98,43
98,440
98,434
98,18
98,324
99,137
99,360
99,169
99,374
99,195
99,11
99,493
99,45
99,348
99,119
99,238
99,418
99,417
99,81
99,90
99,85
99,477
100,227
100,126
100,145
100,322
100,430
100,489
100,70
100,474
100,85
100,255
100,473
100,75
100,328
100,153
100,53
100,367
100,199
100,276
101,443
101,71
101,258
101,181
101,145
101,133
101,154
101,156
101,107
101,229
101,345
101,389
101,430
101,26
101,58
101,47
101,249
101,46
101,139
101,44
101,369
101,127
101,440
101,18
101,85
101,62
101,129
101,408
101,444
102,326
102,15
102,121
102,456
102,234
102,338
102,352
102,18
102,404
102,282
102,493
102,139
102,185
102,188
102,485
102,408
102,72
102,169
102,355
102,223
102,136
102,24
102,193
102,189
102,211
102,473
102,441
103,284
103,75
103,231
103,471
103,244
103,202
103,216
103,50
103,322
103,340
103,425
103,283
103,361
103,178
103,119
103,23
103,298
103,30
103,453
104,408
104,145
104,185
104,94
104,205
104,71
104,147
104,262
104,103
104,38
104,475
104,416
104,198
104,415
104,245
104,351
105,425
105,138
105,267
105,472
105,236
105,474
105,226
105,132
105,430
105,446
105,322
105,8
105,379
105,114
105,171
105,234
105,94
105,122
105,157
105,339
105,52
105,264
105,91
105,244
105,33
105,362
105,102
105,260
105,181
105,403
105,449
105,149
105,22
105,192
105,441
105,382
105,360
105,340
105,84
105,373
105,285
105,231
105,183
105,484
105,135
105,305
105,133
105,237
105,462
105,169
105,383
105,60
105,312
105,405
105,429
105,145
105,499
105,57
105,202
105,220
105,375
105,137
105,287
105,17
105,461
105,428
105,125
105,455
105,46
106,267
106,298
106,231
106,414
106,234
106,384
106,8
106,353
106,83
106,160
106,361
106,341
106,196
106,264
106,35
106,110
106,286
107,52
107,218
107,169
107,253
107,231
107,348
107,130
107,264
107,361
107,476
107,402
107,154
107,237
107,473
107,487
107,92
107,288
107,268
107,457
107,3
107,118
107,101
107,220
107,18
107,40
107,129
107,382
107,144
107,252
108,76
108,348
108,20
108,193
108,483
108,231
108,267
108,8
108,97
108,494
108,119
108,33
108,462
108,305
108,186
108,430
108,440
108,203
108,141
109,66
109,231
109,9
109,441
109,315
109,465
109,384
109,379
109,287
109,372
109,112
109,135
109,194
109,154
110,181
110,267
110,176
110,266
110,226
110,316
110,464
110,106
110,18
110,118
110,234
110,85
110,296
110,124
110,300
110,372
110,114
110,498
110,154
110,420
110,180
110,304
110,295
110,286
110,282
110,293
110,3
110,132
110,257
111,140
111,21
111,331
111,254
111,45
111,270
111,210
111,231
111,357
111,415
111,154
111,61
111,55
111,274
111,84
111,80
112,161
112,222
112,461
112,108
112,143
112,8
112,71
112,408
112,94
112,363
112,139
112,412
112,160
112,435
112,429
112,256
112,62
112,291
112,109
112,297
112,156
112,221
112,373
112,49
112,499
112,290
112,327
112,280
112,157
112,138
112,257
112,80
112,205
112,288
112,197
112,492
112,407
112,87
112,51
112,360
112,277
112,93
112,276
113,499
113,181
113,430
113,65
113,303
113,393
113,266
113,236
113,6
113,214
113,359
113,283
113,462
113,16
113,150
113,473
113,340
113,187
113,174
114,288
114,453
114,148
114,231
114,139
114,100
114,369
114,348
114,194
114,112
114,393
114,105
114,396
114,42
114,459
114,158
114,86
114,485
114,123
114,54
114,290
114,247
114,474
114,430
114,499
114,18
114,329
114,360
114,243
114,138
115,50
115,30
115,282
115,312
115,165
115,449
115,234
115,181
115,351
115,26
115,43
115,31
115,368
115,457
115,442
115,14
116,385
116,408
116,235
116,236
116,201
116,208
116,497
116,424
116,8
116,231
116,366
116,483
116,77
116,458
116,430
116,473
117,418
117,123
117,145
117,384
117,6
117,171
117,134
117,35
117,27
117,211
117,267
117,41
117,293
117,359
117,277
117,247
117,237
117,430
117,234
117,260
117,449
117,77
118,152
118,107
118,164
118,435
118,194
118,199
118,97
118,81
118,22
118,117
118,262
118,421
118,17
118,203
118,62
118,33
118,416
119,90
119,489
119,390
119,8
119,150
119,326
119,103
119,109
119,18
119,344
119,75
119,136
119,108
119,30
119,296
119,341
119,280
119,80
120,227
120,361
120,47
120,21
120,36
120,256
120,172
120,192
120,305
120,231
120,42
120,16
120,178
120,341
120,472
120,9
120,275
120,393
120,322
121,208
121,348
121,395
121,236
121,31
121,90
121,275
121,170
121,447
121,269
121,351
121,55
121,139
121,408
121,231
121,334
121,381
121,188
121,8
121,312
121,30
121,379
121,401
121,229
121,52
121,137
121,270
121,4
121,5
122,434
122,481
122,14
122,92
122,363
122,441
122,220
122,197
122,221
122,500
122,262
122,444
122,231
122,78
122,360
122,124
122,286
122,18
122,105
123,8
123,114
123,231
123,243
123,208
123,332
123,467
123,75
123,143
123,211
123,39
123,228
123,158
123,248
123,499
123,196
123,81
123,178
123,472
123,473
124,92
124,398
124,486
124,234
124,8
124,441
124,458
124,259
124,493
124,122
124,71
124,371
124,110
124,18
124,469
124,280
125,105
125,35
125,472
125,231
125,314
125,257
125,202
125,182
125,290
125,345
125,283
125,315
125,253
125,19
125,146
125,168
125,89
126,11
126,500
126,422
126,348
126,185
126,190
126,453
126,438
126,277
126,194
126,8
126,292
126,83
126,331
126,70
126,100
126,280
126,64
126,315
127,224
127,192
127,357
127,101
127,13
127,420
127,136
127,231
127,437
127,29
127,33
127,217
127,396
127,291
127,84
127,410
128,11
128,197
128,307
128,274
128,267
128,358
128,428
128,3
128,348
128,75
128,37
128,62
128,367
128,456
128,140
128,176
128,213
128,486
128,4
128,416
128,452
128,43
128,93
128,459
128,311
128,66
128,214
128,250
128,218
128,429
128,272
129,440
129,107
129,99
129,352
129,231
129,101
129,236
129,402
129,139
129,47
129,450
129,485
129,303
129,18
129,205
129,56
129,233
130,90
130,312
130,449
130,416
130,441
130,478
130,143
130,163
130,234
130,5
130,231
130,458
130,317
131,417
131,485
131,251
131,8
131,219
131,445
131,231
131,13
131,348
131,67
131,370
131,322
131,297
131,220
131,430
131,235
132,411
132,80
132,462
132,110
132,485
132,297
132,56
132,292
132,184
132,211
132,188
132,263
132,105
132,155
132,257
132,403
133,8
133,348
133,231
133,481
133,139
133,477
133,187
133,234
133,145
133,36
133,105
133,18
133,202
133,296
133,81
133,197
133,190
134,38
134,441
134,69
134,374
134,102
134,237
134,127
134,302
134,268
134,185
134,328
134,219
134,293
134,400
134,304
134,481
134,179
134,50
134,75
134,325
134,216
134,60
134,429
134,329
134,117
134,18
134,401
134,84
134,59
134,223
134,227
134,238
134,96
134,410
134,80
135,462
135,15
135,260
135,71
135,8
135,326
135,312
135,415
135,64
135,387
135,376
135,331
135,109
135,105
135,413
135,222
135,337
135,18
135,499
136,376
136,282
136,435
136,154
136,374
136,358
136,481
136,112
136,215
136,405
136,456
136,231
136,324
136,428
136,6
136,316
136,234
136,334
136,9
136,399
136,218
136,18
136,472
136,197
136,430
136,127
136,419
136,102
136,280
136,37
136,119
136,500
136,168
136,395
137,20
137,22
137,433
137,146
137,429
137,121
137,499
137,267
137,359
137,376
137,204
137,216
137,41
137,25
137,84
137,360
137,71
137,401
137,273
137,59
137,99
137,225
137,42
137,105
138,237
138,242
138,204
138,42
138,474
138,112
138,244
138,114
138,248
138,438
138,188
138,245
138,74
138,271
138,193
138,223
138,75
139,28
139,92
139,230
139,418
139,390
139,317
139,384
139,340
139,396
139,145
139,481
139,222
139,348
139,90
139,350
139,234
139,208
139,455
139,168
139,339
139,422
139,101
139,346
139,177
139,220
139,204
139,6
139,38
139,3
139,432
139,58
139,461
139,197
139,102
139,447
139,183
139,205
139,129
139,159
139,341
139,231
139,474
139,355
139,308
139,379
139,262
139,414
139,112
140,492
140,322
140,128
140,154
140,384
140,231
140,426
140,37
140,35
140,267
140,389
140,481
140,10
140,352
140,286
140,98
140,378
140,111
140,359
141,385
141,45
141,470
141,207
141,395
141,65
141,267
141,373
141,345
141,77
141,231
141,67
141,212
141,182
141,226
141,66
142,412
142,8
142,17
142,71
142,171
142,231
142,457
142,154
142,340
142,345
142,447
142,320
142,162
142,492
142,84
142,488
142,360
142,281
142,144
142,324
142,203
143,384
143,495
143,16
143,350
143,312
143,241
143,407
143,8
143,489
143,450
143,231
143,321
143,336
143,378
143,112
143,277
143,79
144,107
144,231
144,181
144,495
144,267
144,142
144,240
144,379
144,218
144,195
144,48
144,465
144,310
144,98
144,472
144,159
144,467
144,280
144,473
144,112
145,234
145,382
145,420
145,115
145,8
145,310
145,476
145,493
145,324
145,231
145,355
145,83
145,93
145,393
145,450
145,351
145,255
145,469
145,338
145,209
145,332
145,43
145,444
145,252
145,49
145,54
145,315
145,386
145,139
145,347
145,179
145,381
145,1
145,297
145,32
145,361
145,218
145,18
145,152
145,289
145,151
145,416
145,133
145,16
145,277
145,334
145,57
146,384
146,145
146,363
146,329
146,231
146,376
146,490
146,125
146,462
146,148
146,348
146,340
146,280
146,205
146,428
146,43
146,383
146,147
146,85
146,478
146,3
146,420
147,159
147,262
147,358
147,194
147,152
147,53
147,385
147,334
147,231
147,311
147,4
147,284
147,214
147,255
147,166
147,67
147,116
147,492
147,75
147,146
147,14
147,171
147,455
147,397
147,43
147,493
147,432
147,243
147,104
148,234
148,471
148,54
148,145
148,69
148,199
148,8
148,267
148,284
148,423
148,371
148,465
148,114
148,146
149,157
149,128
149,267
149,337
149,286
149,137
149,382
149,481
149,233
149,390
149,8
149,439
149,5
149,268
149,18
149,105
149,224
149,468
149,278
149,193
149,69
150,425
150,409
150,464
150,17
150,31
150,343
150,71
150,113
150,174
150,231
150,58
150,280
150,43
150,73
151,8
151,71
151,236
151,61
151,252
151,113
151,101
151,454
151,145
151,266
151,227
151,12
151,291
151,341
151,205
151,405
151,467
151,396
151,185
151,361
151,473
151,100
152,168
152,75
152,405
152,414
152,147
152,116
152,498
152,267
152,167
152,46
152,145
152,213
152,196
152,439
152,416
152,278
153,382
153,12
153,100
153,448
153,390
153,393
153,436
153,234
153,462
153,229
153,231
153,281
153,430
153,187
153,38
153,260
154,428
154,276
154,162
154,17
154,362
154,255
154,5
154,462
154,170
154,447
154,34
154,109
154,111
154,338
154,227
154,142
154,55
154,218
154,269
154,84
154,90
154,363
154,439
154,28
154,410
154,303
154,360
154,347
154,401
154,287
154,374
154,101
154,480
154,107
154,83
154,448
155,262
155,132
155,279
155,124
155,453
155,231
155,193
155,307
155,456
155,323
155,80
155,472
155,462
155,270
155,31
155,319
155,423
155,204
155,199
155,108
155,14
155,101
155,265
155,492
155,77
155,25
155,298
155,26
155,185
155,54
155,257
155,178
155,12
156,443
156,393
156,235
156,231
156,470
156,495
156,100
156,172
156,112
156,225
156,292
156,218
156,428
156,388
156,367
156,19
156,425
156,249
157,232
157,306
157,231
157,71
157,110
157,166
157,384
157,137
157,393
157,86
157,462
157,112
157,84
157,382
157,176
157,357
157,105
157,345
157,368
157,337
158,32
158,123
158,444
158,493
158,231
158,164
158,112
158,56
158,29
158,114
158,363
158,492
158,70
158,437
158,369
158,438
158,456
158,163
159,17
159,8
159,139
159,144
159,308
159,462
159,3
159,358
159,134
159,32
159,398
159,453
159,226
159,147
159,167
160,78
160,112
160,395
160,392
160,450
160,271
160,389
160,14
160,339
160,275
160,75
160,231
160,477
160,240
160,18
160,293
160,297
160,390
160,106
161,415
161,321
161,6
161,207
161,134
161,194
161,75
161,96
161,90
161,461
161,455
161,473
161,308
161,468
161,98
161,297
161,112
161,285
161,422
162,320
162,315
162,46
162,283
162,205
162,389
162,142
162,234
162,482
162,394
162,348
162,8
162,370
162,176
162,43
162,340
162,337
162,420
162,219
162,381
162,257
163,82
163,466
163,3
163,339
163,172
163,451
163,311
163,332
163,231
163,403
163,158
163,63
163,265
163,255
163,374
163,130
163,496
163,330
163,401
163,18
164,384
164,225
164,145
164,175
164,292
164,348
164,453
164,411
164,193
164,173
164,252
164,263
164,118
164,268
164,492
164,27
164,318
164,18
164,457
165,410
165,193
165,326
165,365
165,71
165,320
165,409
165,111
165,231
165,296
165,379
165,412
165,66
165,25
165,340
165,62
165,230
165,18
165,43
166,250
166,8
166,94
166,291
166,454
166,22
166,172
166,4
166,232
166,32
166,348
166,266
166,360
166,470
166,53
166,198
166,157
166,453
167,234
167,3
167,159
167,110
167,330
167,310
167,445
167,366
167,74
167,231
167,347
167,269
167,368
167,410
167,313
167,197
167,401
168,125
168,172
168,231
168,279
168,144
168,136
168,234
168,433
168,492
168,408
168,152
168,223
168,295
168,194
168,305
168,266
168,198
168,80
168,455
168,352
168,184
168,68
168,417
168,473
168,139
168,411
168,289
168,267
168,38
168,63
169,298
169,336
169,453
169,153
169,222
169,462
169,312
169,493
169,374
169,138
169,443
169,141
169,473
169,107
169,78
169,44
169,18
169,456
169,347
169,467
169,319
169,8
169,176
169,3
169,444
169,99
170,139
170,453
170,348
170,86
170,288
170,349
170,55
170,214
170,234
170,172
170,242
170,480
170,336
170,440
170,193
170,154
170,418
171,337
171,74
171,453
171,143
171,174
171,412
171,8
171,148
171,241
171,277
171,27
171,164
171,142
171,360
171,117
171,105
171,280
171,462
172,400
172,220
172,231
172,86
172,453
172,182
172,466
172,442
172,243
172,498
172,209
172,445
172,412
172,166
172,156
172,120
172,3
173,46
173,80
173,180
173,329
173,377
173,358
173,316
173,348
173,196
173,231
173,305
173,212
173,43
173,24
173,62
173,50
173,164
173,48
174,470
174,441
174,4
174,453
174,220
174,167
174,30
174,403
174,70
174,150
174,303
174,430
174,113
174,22
174,222
174,408
174,361
174,496
174,71
174,17
174,221
174,428
174,171
174,298
174,488
174,275
174,274
175,210
175,333
175,481
175,328
175,487
175,211
175,52
175,231
175,350
175,485
175,75
175,18
175,96
175,289
175,298
175,400
176,4
176,418
176,368
176,247
176,8
176,75
176,259
176,23
176,231
176,128
176,19
176,157
176,17
176,145
176,2
176,459
176,499
176,11
176,480
176,358
176,286
176,384
176,292
176,44
176,373
176,162
176,217
176,46
176,348
176,360
176,376
176,491
176,149
176,417
176,32
176,326
176,201
176,276
176,489
176,45
176,13
176,94
176,294
176,95
176,169
176,12
176,258
176,297
176,177
176,390
176,299
176,97
176,437
176,354
176,397
176,295
176,444
176,288
176,237
176,440
176,416
176,65
176,110
176,318
177,348
177,21
177,231
177,213
177,433
177,127
177,234
177,139
177,408
177,372
177,477
177,242
177,280
177,302
178,75
178,348
178,103
178,5
178,203
178,234
178,384
178,169
178,362
178,405
178,357
178,487
178,123
178,320
178,22
178,78
178,491
178,352
178,231
178,500
178,155
178,267
178,194
178,273
178,40
178,447
178,131
178,493
178,35
178,230
178,259
178,120
178,416
178,204
178,10
178,68
178,407
179,465
179,449
179,145
179,415
179,359
179,246
179,424
179,213
179,61
179,128
179,384
179,350
179,48
179,93
179,77
179,472
180,445
180,400
180,462
180,101
180,49
180,417
180,234
180,335
180,345
180,411
180,145
180,352
180,173
180,304
180,416
180,59
180,18
181,423
181,304
181,48
181,376
181,57
181,211
181,492
181,218
181,68
181,444
181,292
181,8
181,457
181,277
181,422
181,188
181,280
181,76
181,367
181,51
181,411
181,3
181,10
181,15
181,426
181,394
181,360
181,33
181,473
181,144
181,40
181,430
181,460
181,248
181,113
181,77
181,31
181,393
181,380
181,21
181,470
181,18
181,268
181,81
181,20
181,95
181,142
182,235
182,199
182,141
182,104
182,232
182,210
182,421
182,125
182,131
182,26
182,11
182,91
182,84
182,473
182,172
182,281
183,139
183,194
183,285
183,86
183,280
183,231
183,98
183,303
183,312
183,32
183,187
183,348
183,499
183,206
183,105
183,293
183,463
183,18
184,168
184,348
184,20
184,265
184,231
184,346
184,228
184,304
184,336
184,252
184,206
184,156
184,217
184,212
184,425
184,466
184,359
184,10
184,31
184,270
184,54
185,148
185,465
185,358
185,175
185,361
185,155
185,252
185,151
185,21
185,193
185,452
185,159
185,102
185,104
185,126
186,462
186,406
186,231
186,37
186,223
186,108
186,419
186,29
186,168
186,470
186,207
186,30
186,340
186,477
186,263
186,98
186,6
187,197
187,153
187,316
187,406
187,300
187,71
187,55
187,64
187,267
187,139
187,137
187,348
187,11
187,469
187,75
187,467
187,156
187,487
187,24
187,113
187,362
187,88
187,495
187,273
187,430
187,14
187,473
188,75
188,348
188,207
188,132
188,380
188,455
188,91
188,71
188,43
188,229
188,367
188,365
188,216
188,231
188,181
188,161
188,279
188,305
188,206
188,154
188,228
188,74
188,293
188,102
188,401
188,351
189,472
189,356
189,11
189,75
189,182
189,417
189,100
189,367
189,95
189,153
189,198
189,211
189,293
189,303
189,292
189,102
189,68
189,43
190,357
190,234
190,133
190,329
190,145
190,476
190,479
190,267
190,166
190,52
190,86
190,57
190,255
190,95
190,388
190,472
190,280
190,309
190,126
190,488
190,61
191,493
191,160
191,231
191,262
191,348
191,131
191,275
191,325
191,19
191,488
191,109
191,389
191,297
191,7
191,18
192,8
192,63
192,234
192,348
192,430
192,237
192,384
192,75
192,231
192,307
192,314
192,28
192,473
192,272
192,360
192,220
192,120
192,294
192,127
193,307
193,138
193,300
193,170
193,149
193,481
193,250
193,181
193,244
193,462
193,384
193,94
193,396
193,108
193,499
193,197
193,430
193,185
193,164
193,36
193,274
193,198
193,165
193,42
193,18
193,102
194,15
194,495
194,392
194,75
194,441
194,109
194,453
194,231
194,342
194,481
194,168
194,360
194,126
194,232
194,334
194,265
194,313
194,147
194,23
194,401
194,18
194,247
194,242
194,161
194,50
194,46
194,178
194,374
194,6
194,499
194,241
194,43
195,348
195,142
195,481
195,75
195,343
195,474
195,449
195,234
195,264
195,133
195,377
195,63
195,430
195,416
195,297
195,18
195,144
195,337
196,314
196,51
196,112
196,235
196,376
196,60
196,493
196,462
196,121
196,242
196,106
196,75
196,55
196,439
196,191
196,215
196,370
196,444
196,152
196,231
196,123
196,390
196,436
196,416
196,334
196,267
196,365
196,173
196,126
197,284
197,348
197,481
197,479
197,136
197,167
197,83
197,395
197,475
197,71
197,236
197,222
197,181
197,484
197,39
197,75
197,360
197,267
197,449
197,193
197,211
197,139
197,306
197,231
197,32
197,297
197,443
197,465
197,68
197,239
197,279
197,355
197,376
197,461
197,240
197,35
197,74
197,116
197,453
197,128
197,212
197,388
197,87
197,53
197,285
197,69
197,259
197,486
197,366
197,320
197,112
197,190
197,492
197,19
197,133
197,31
197,467
197,390
197,294
197,444
197,325
197,57
197,387
197,6
197,5
197,187
197,280
197,358
197,122
198,193
198,446
198,10
198,37
198,52
198,444
198,347
198,329
198,12
198,348
198,118
198,204
198,339
198,166
198,168
198,281
198,401
198,11
198,231
198,274
198,42
198,421
198,326
198,267
198,59
198,225
198,432
198,324
198,104
198,194
198,392
198,18
198,275
198,472
198,242
198,360
198,318
198,280
198,473
198,476
199,200
199,453
199,231
199,391
199,245
199,328
199,100
199,41
199,347
199,366
199,358
199,155
199,497
199,205
199,360
199,43
199,148
199,118
200,418
200,234
200,452
200,8
200,205
200,104
200,420
200,458
200,356
200,273
200,445
200,261
200,48
200,296
200,59
200,407
200,293
200,199
200,333
201,21
201,40
201,256
201,231
201,297
201,306
201,52
201,424
201,204
201,106
201,140
201,422
201,77
201,365
201,477
201,363
201,245
202,46
202,301
202,470
202,445
202,472
202,462
202,133
202,77
202,248
202,358
202,231
202,232
202,464
202,484
202,125
202,89
202,18
202,43
203,108
203,118
203,408
203,360
203,234
203,48
203,352
203,231
203,403
203,252
203,343
203,8
203,362
203,457
203,259
203,181
204,238
204,389
204,363
204,157
204,379
204,178
204,139
204,145
204,397
204,470
204,416
204,475
204,48
204,14
204,16
204,375
204,374
204,51
204,373
204,297
204,286
204,273
204,396
204,291
204,18
204,137
204,201
204,499
204,155
204,366
204,15
205,481
205,322
205,181
205,369
205,434
205,348
205,129
205,453
205,220
205,259
205,93
205,488
205,231
205,120
205,137
205,38
205,63
205,358
205,112
205,336
205,53
205,124
205,390
205,146
205,139
205,14
205,321
205,103
205,484
205,183
205,415
205,214
205,159
205,199
205,324
205,19
205,201
205,35
205,151
205,287
205,388
205,114
205,288
205,227
205,2
205,162
205,446
205,449
205,339
206,231
206,73
206,346
206,17
206,139
206,75
206,348
206,353
206,329
206,399
206,183
206,427
206,492
206,441
206,299
206,301
206,293
207,40
207,71
207,396
207,86
207,52
207,408
207,8
207,173
207,481
207,257
207,63
207,485
207,65
207,50
207,18
207,291
207,141
208,371
208,316
208,286
208,7
208,312
208,231
208,252
208,313
208,35
208,375
208,6
208,234
208,116
208,139
208,121
208,123
208,359
208,428
208,291
208,467
208,499
209,384
209,170
209,449
209,376
209,462
209,347
209,87
209,7
209,308
209,145
209,231
209,459
209,220
209,36
209,18
209,326
209,43
209,480
209,93
210,300
210,104
210,213
210,409
210,495
210,231
210,391
210,493
210,188
210,335
210,111
210,295
210,182
211,75
211,169
211,44
211,282
211,384
211,252
211,152
211,58
211,59
211,487
211,84
211,102
211,364
211,35
211,290
211,181
211,43
211,293
211,117
211,416
211,404
211,373
211,189
211,175
211,430
211,18
211,294
212,478
212,231
212,473
212,181
212,384
212,2
212,141
212,43
212,489
212,139
212,267
212,421
212,282
212,134
212,42
212,494
212,402
212,41
212,173
212,493
212,453
212,375
212,266
212,46
212,184
212,475
212,75
212,234
212,480
212,355
212,434
212,10
212,85
212,366
212,427
212,413
212,415
212,358
212,441
212,348
212,57
212,35
212,215
213,50
213,75
213,282
213,384
213,348
213,455
213,128
213,179
213,46
213,252
213,231
213,250
213,406
213,152
213,210
213,297
213,473
213,333
214,130
214,296
214,262
214,128
214,27
214,90
214,369
214,8
214,376
214,479
214,360
214,231
214,113
214,147
214,9
214,340
215,219
215,358
215,318
215,212
215,403
215,18
215,236
215,344
215,160
215,231
215,47
215,196
215,416
215,258
215,136
215,492
215,297
216,384
216,334
216,305
216,149
216,107
216,89
216,486
216,224
216,440
216,15
216,194
216,462
216,499
216,134
216,103
216,480
216,337
217,75
217,471
217,127
217,419
217,234
217,465
217,435
217,493
217,13
217,184
217,266
217,321
217,286
217,485
217,268
217,409
217,407
217,360
217,28
217,320
217,236
218,94
218,470
218,154
218,330
218,35
218,29
218,376
218,234
218,145
218,156
218,128
218,316
218,419
218,230
218,114
218,446
218,9
218,241
218,396
218,495
218,14
218,20
218,107
218,340
218,452
218,304
218,370
218,181
219,137
219,145
219,317
219,231
219,293
219,20
219,226
219,181
219,162
219,491
219,314
219,92
219,3
219,312
219,296
219,134
219,435
220,408
220,437
220,265
220,469
220,434
220,328
220,200
220,355
220,75
220,231
220,131
220,310
220,168
220,205
220,234
220,319
220,24
220,446
220,107
220,477
220,192
220,228
220,334
220,412
220,97
220,458
220,87
220,423
220,136
220,210
220,51
220,349
220,493
220,486
220,242
220,267
220,101
220,366
220,480
220,230
220,209
220,139
220,304
220,276
220,457
220,122
221,114
221,112
221,255
221,268
221,423
221,72
221,428
221,379
221,205
221,192
221,365
221,76
221,86
221,93
221,396
221,477
221,292
221,241
221,174
221,122
221,246
221,347
221,176
222,231
222,70
222,267
222,478
222,63
222,310
222,21
222,269
222,445
222,114
222,135
222,434
222,18
222,352
222,174
222,66
222,340
222,473
222,169
222,469
222,71
222,308
222,336
223,134
223,138
223,269
223,481
223,168
223,231
223,348
223,282
223,237
223,181
223,27
223,72
223,280
223,186
223,341
223,368
223,7
223,102
223,360
223,277
224,217
224,386
224,352
224,430
224,357
224,149
224,231
224,397
224,169
224,252
224,14
224,283
224,57
224,127
224,395
224,301
224,43
224,216
224,287
225,127
225,158
225,315
225,286
225,245
225,137
225,75
225,242
225,462
225,39
225,438
225,198
225,442
225,313
225,425
225,411
225,45
226,141
226,159
226,231
226,348
226,236
226,404
226,365
226,80
226,273
226,311
226,493
226,128
226,402
226,105
226,426
226,416
226,110
226,492
226,461
226,154
227,150
227,462
227,134
227,482
227,231
227,367
227,154
227,387
227,434
227,23
227,332
227,350
227,60
227,120
227,67
227,374
227,18
227,81
227,205
228,426
228,252
228,273
228,145
228,7
228,35
228,408
228,376
228,445
228,236
228,438
228,291
228,368
228,240
228,58
228,485
229,231
229,67
229,488
229,86
229,408
229,398
229,84
229,121
229,333
229,71
229,379
229,265
229,233
229,290
229,153
229,297
229,448
229,353
229,43
229,188
229,14
230,90
230,453
230,145
230,231
230,270
230,384
230,412
230,165
230,362
230,434
230,439
230,493
230,41
230,416
230,220
230,15
230,236
230,32
230,139
230,366
231,68
231,396
231,64
231,348
231,267
231,58
231,438
231,8
231,122
231,139
231,168
231,263
231,307
231,269
231,26
231,224
231,167
231,175
231,160
231,341
231,432
231,436
231,334
231,331
231,156
231,347
231,305
231,43
231,145
231,173
231,39
231,282
231,377
231,299
231,476
231,496
231,63
231,144
231,297
231,437
231,226
231,435
231,55
231,176
231,201
231,336
231,66
231,202
231,227
231,337
231,143
231,230
231,51
231,83
231,123
231,454
231,329
231,419
231,76
231,458
231,70
231,81
231,53
231,107
231,111
231,390
231,84
231,247
231,286
231,155
231,291
231,220
231,116
231,13
231,150
231,439
231,383
231,457
231,205
231,302
231,165
231,444
231,360
231,46
231,38
231,95
231,249
231,16
231,223
231,471
231,18
231,157
231,323
231,375
231,98
231,368
231,203
231,222
231,430
231,492
231,91
231,23
231,212
231,294
231,262
231,141
231,209
231,210
231,133
231,61
231,94
231,268
231,387
231,153
231,401
231,79
231,379
231,196
231,62
231,72
231,417
231,22
231,105
231,243
231,50
231,433
231,208
231,467
231,192
231,482
231,130
231,309
231,271
231,426
231,219
231,280
231,318
231,440
231,109
231,409
231,384
231,345
231,129
231,238
232,71
232,489
232,329
232,234
232,231
232,408
232,46
232,177
232,497
232,45
232,252
232,429
232,249
232,297
232,194
232,485
232,364
232,114
232,422
232,182
232,202
232,456
232,80
232,166
232,258
232,483
232,97
232,157
232,18
233,297
233,231
233,229
233,48
233,16
233,151
233,379
233,454
233,50
233,129
233,242
233,267
233,294
233,421
233,326
233,284
233,348
233,457
233,149
233,17
233,343
234,492
234,137
234,252
234,241
234,322
234,146
234,481
234,300
234,42
234,117
234,393
234,139
234,402
234,450
234,321
234,372
234,178
234,341
234,306
234,153
234,409
234,452
234,404
234,15
234,37
234,177
234,330
234,297
234,106
234,364
234,276
234,78
234,251
234,212
234,115
234,301
234,367
234,366
234,200
234,145
234,365
234,336
234,425
234,415
234,273
234,136
234,95
234,296
234,195
234,271
234,343
234,424
234,293
234,18
234,84
234,208
234,449
234,19
234,326
234,180
234,22
234,286
234,335
234,133
234,45
234,416
234,3
234,467
234,459
234,441
234,124
234,170
234,232
234,79
234,218
235,62
235,131
235,390
235,46
235,114
235,101
235,206
235,434
235,139
235,75
235,370
235,182
235,293
235,491
235,116
235,386
235,3
236,231
236,71
236,389
236,499
236,230
236,217
236,324
236,252
236,331
236,475
236,442
236,289
236,34
236,84
236,20
236,376
236,105
236,477
236,93
236,277
236,52
236,14
236,18
236,215
237,386
237,492
237,107
237,252
237,154
237,117
237,194
237,38
237,376
237,267
237,176
237,254
237,31
237,223
237,427
237,297
237,473
237,428
237,138
237,41
237,105
237,327
238,134
238,289
238,419
238,309
238,231
238,26
238,476
238,247
238,167
238,301
238,416
238,410
238,492
238,30
238,290
238,18
238,268
238,456
238,115
239,293
239,41
239,72
239,222
239,416
239,348
239,491
239,74
239,263
239,358
239,480
239,454
239,55
239,350
239,448
239,278
239,349
239,500
240,150
240,446
240,399
240,390
240,32
240,475
240,160
240,358
240,249
240,380
240,429
240,228
240,144
240,18
240,313
240,17
241,194
241,289
241,449
241,311
241,17
241,13
241,75
241,493
241,406
241,79
241,27
241,221
241,487
241,143
241,388
241,284
242,198
242,23
242,272
242,194
242,429
242,415
242,187
242,453
242,177
242,489
242,68
242,356
242,220
242,233
242,296
243,147
243,387
243,311
243,231
243,367
243,181
243,334
243,312
243,114
243,421
243,211
243,123
243,172
243,390
243,447
243,440
243,58
243,250
244,8
244,421
244,381
244,308
244,75
244,492
244,354
244,406
244,114
244,79
244,348
244,193
244,43
244,396
244,367
244,450
244,427
244,103
244,485
244,138
245,58
245,346
245,408
245,439
245,299
245,266
245,139
245,201
245,342
245,104
245,81
245,231
245,51
245,287
245,138
245,334
245,80
246,267
246,221
246,75
246,234
246,197
246,441
246,42
246,81
246,1
246,8
246,323
246,498
246,499
246,179
246,443
246,478
246,297
247,460
247,114
247,417
247,404
247,252
247,211
247,231
247,256
247,299
247,194
247,110
247,117
247,389
247,451
247,51
247,176
247,251
247,277
248,231
248,175
248,159
248,465
248,181
248,500
248,75
248,372
248,123
248,476
248,376
248,475
248,202
248,138
249,195
249,101
249,449
249,156
249,442
249,385
249,457
249,231
249,413
249,255
249,416
249,439
249,397
249,18
250,285
250,128
250,48
250,52
250,436
250,462
250,243
250,409
250,204
250,393
250,275
250,255
250,213
250,395
250,75
251,441
251,339
251,48
251,149
251,247
251,314
251,234
251,162
251,359
251,299
251,420
251,131
251,21
251,455
251,457
251,63
251,341
251,298
252,11
252,145
252,416
252,43
252,52
252,390
252,107
252,297
252,137
252,317
252,17
252,345
252,472
252,232
252,185
252,211
252,410
252,203
252,16
252,85
252,237
252,292
252,396
252,213
252,236
252,47
252,228
252,51
252,492
252,234
252,32
252,94
253,371
253,462
253,120
253,348
253,125
253,500
253,152
253,318
253,300
253,370
253,479
253,258
253,261
253,495
253,107
253,283
253,443
254,433
254,218
254,137
254,221
254,435
254,486
254,377
254,129
254,8
254,237
254,331
254,432
254,59
254,290
255,190
255,389
255,115
255,171
255,267
255,399
255,231
255,454
255,2
255,481
255,351
255,145
255,432
255,396
255,163
255,467
255,315
255,106
255,182
255,75
255,154
255,249
255,43
255,280
255,250
255,221
255,79
255,147
256,191
256,92
256,231
256,161
256,97
256,4
256,112
256,113
256,43
256,266
256,120
256,18
256,264
256,247
256,360
256,359
257,228
257,112
257,430
257,197
257,349
257,270
257,59
257,132
257,155
257,162
257,453
257,289
257,473
257,452
257,499
257,440
257,35
257,96
258,215
258,241
258,288
258,2
258,388
258,79
258,310
258,232
258,211
258,48
258,348
258,267
258,473
258,253
259,231
259,52
259,366
259,326
259,327
259,145
259,203
259,75
259,495
259,126
259,63
259,481
259,31
259,205
259,124
259,450
260,302
260,36
260,67
260,55
260,117
260,153
260,42
260,164
260,82
260,410
260,280
260,10
260,7
260,340
260,18
260,289
260,416
261,181
261,435
261,253
261,194
261,459
261,234
261,101
261,50
261,272
261,499
261,313
261,200
261,330
261,273
261,282
262,368
262,204
262,361
262,139
262,137
262,405
262,269
262,85
262,402
262,249
262,231
262,58
262,70
262,293
262,155
262,289
262,78
262,95
262,442
262,473
262,439
262,214
262,122
262,264
262,191
263,318
263,288
263,69
263,462
263,323
263,311
263,83
263,145
263,186
263,231
263,132
263,290
263,302
263,164
263,239
263,366
263,374
263,92
264,439
264,112
264,52
264,106
264,451
264,358
264,313
264,231
264,256
264,2
264,432
264,262
264,290
264,59
264,421
264,195
264,359
265,112
265,377
265,267
265,408
265,378
265,295
265,6
265,163
265,375
265,194
265,8
265,182
265,311
265,44
265,485
265,229
265,398
265,382
265,462
265,438
265,427
265,270
265,234
265,396
265,43
265,401
265,352
265,52
265,155
265,184
266,276
266,231
266,398
266,168
266,467
266,112
266,101
266,39
266,409
266,256
266,47
266,166
266,217
266,113
266,245
266,212
267,16
267,426
267,20
267,5
267,40
267,8
267,385
267,231
267,179
267,168
267,46
267,196
267,360
267,67
267,178
267,325
267,291
267,198
267,70
267,105
267,149
267,289
267,277
267,14
267,246
267,490
267,451
267,293
267,140
267,440
267,187
267,47
267,71
267,348
267,12
267,141
267,413
267,128
267,137
267,499
267,96
267,233
267,328
268,231
268,181
268,238
268,234
268,376
268,164
268,75
268,178
268,217
268,107
268,325
268,207
268,271
268,496
268,35
268,466
268,473
268,24
268,149
268,309
268,8
268,323
268,18
268,270
268,326
268,49
268,408
268,221
269,231
269,467
269,154
269,498
269,145
269,289
269,8
269,285
269,380
269,383
269,466
269,43
269,438
269,262
269,436
269,223
269,167
270,430
270,231
270,432
270,317
270,253
270,184
270,329
270,283
270,35
270,268
270,121
270,428
270,257
270,155
270,472
270,78
270,40
270,230
270,265
270,111
270,311
271,8
271,286
271,463
271,390
271,440
271,231
271,490
271,290
271,138
271,234
271,116
271,143
271,473
271,295
271,299
271,420
271,322
272,8
272,464
272,192
272,147
272,57
272,128
272,46
272,379
272,348
272,93
272,423
272,389
272,294
272,321
272,261
272,416
273,94
273,139
273,137
273,412
273,43
273,234
273,53
273,419
273,187
273,430
273,261
273,204
273,178
273,280
273,228
273,76
273,413
273,293
274,455
274,338
274,70
274,211
274,342
274,111
274,171
274,193
274,471
274,368
274,174
274,128
274,493
274,492
274,482
275,136
275,174
275,300
275,245
275,198
275,405
275,348
275,291
275,120
275,414
275,181
275,329
275,49
275,346
276,419
276,24
276,477
276,145
276,338
276,234
276,23
276,141
276,455
276,37
276,56
276,75
276,396
276,266
276,220
276,95
276,458
276,69
276,151
276,144
277,247
277,249
277,54
277,374
277,484
277,231
277,65
277,112
277,481
277,168
277,71
277,475
277,20
277,401
277,49
277,6
277,139
277,390
277,59
277,204
277,223
277,497
277,348
277,8
277,179
277,384
277,52
277,321
277,353
277,488
277,23
277,48
277,114
277,376
277,329
277,75
277,368
277,11
277,408
277,413
277,323
277,181
277,461
277,236
277,143
277,145
277,333
277,442
277,194
277,427
277,36
277,35
277,410
277,234
277,77
277,354
277,424
277,117
277,258
277,192
277,355
277,474
277,438
277,431
277,406
277,304
277,267
277,280
277,375
277,284
277,309
277,360
277,377
277,432
278,239
278,149
278,22
278,75
278,481
278,389
278,152
278,460
278,391
278,114
278,430
278,425
278,35
278,492
279,8
279,222
279,74
279,298
279,427
279,481
279,40
279,25
279,406
279,416
279,231
279,132
279,492
279,168
279,18
279,418
279,188
280,430
280,146
280,387
280,333
280,375
280,39
280,139
280,71
280,339
280,14
280,303
280,153
280,124
280,462
280,150
280,223
280,461
280,210
280,487
280,214
280,405
280,104
280,287
280,231
280,420
280,383
280,255
280,319
280,414
280,70
280,348
280,496
280,267
280,428
280,250
280,431
280,194
280,197
280,130
280,112
280,43
280,490
280,239
280,86
280,76
280,282
280,224
280,119
280,126
280,484
280,56
280,217
280,335
280,234
280,144
280,68
280,466
280,101
280,481
280,488
280,453
280,198
280,181
280,288
280,421
280,145
280,464
280,69
280,327
280,371
280,344
280,45
280,9
280,89
280,416
280,323
280,358
280,408
280,8
280,52
280,171
280,61
280,492
280,313
280,437
280,493
280,79
280,137
280,48
280,248
280,273
280,154
280,77
280,384
280,296
280,262
280,75
280,200
280,338
280,277
280,443
280,40
280,44
280,136
280,477
280,190
280,370
280,60
280,99
280,211
280,381
280,459
280,177
280,260
281,490
281,267
281,258
281,280
281,462
281,182
281,425
281,59
281,310
281,372
281,142
281,389
281,18
281,416
281,444
281,288
281,71
282,261
282,11
282,183
282,31
282,353
282,86
282,466
282,231
282,390
282,110
282,102
282,401
282,212
282,223
282,280
282,211
282,296
282,89
282,416
282,360
282,52
282,479
283,394
283,125
283,408
283,113
283,21
283,253
283,26
283,348
283,35
283,424
283,493
283,86
283,43
283,409
283,373
283,492
284,233
284,277
284,197
284,226
284,95
284,231
284,480
284,62
284,241
284,252
284,348
284,147
284,473
284,86
284,148
284,103
284,402
284,367
285,358
285,292
285,453
285,194
285,473
285,190
285,472
285,162
285,341
285,452
285,77
285,161
285,269
285,337
285,63
285,70
285,360
285,406
285,18
286,466
286,340
286,139
286,348
286,106
286,28
286,8
286,75
286,231
286,234
286,94
286,239
286,163
286,110
286,440
286,169
286,294
286,204
286,27
286,468
286,217
286,140
286,122
286,52
286,358
286,378
286,38
286,382
286,267
286,99
286,62
286,271
286,287
286,18
286,473
286,372
286,396
286,176
287,293
287,420
287,103
287,231
287,313
287,224
287,114
287,286
287,371
287,379
287,245
287,158
287,351
287,234
287,162
287,496
287,154
287,35
287,95
287,491
287,352
287,257
287,168
287,383
287,333
287,109
287,499
287,54
287,105
287,312
288,176
288,316
288,112
288,202
288,320
288,333
288,128
288,282
288,281
288,376
288,334
288,107
288,77
288,170
288,258
288,114
288,280
288,345
288,263
288,219
289,52
289,12
289,267
289,145
289,262
289,348
289,175
289,480
289,260
289,447
289,168
289,18
289,241
289,338
289,16
289,269
289,236
289,81
289,310
289,238
290,254
290,264
290,376
290,112
290,229
290,211
290,238
290,345
290,231
290,14
290,114
290,271
290,5
290,473
290,401
291,208
291,465
291,93
291,474
291,8
291,313
291,43
291,151
291,336
291,207
291,231
291,233
291,389
291,1
291,410
291,169
291,193
291,305
291,181
291,404
291,476
291,47
291,33
291,62
291,89
291,267
291,467
291,135
291,24
291,292
291,435
291,112
291,214
291,478
291,381
291,407
291,204
291,301
291,4
291,427
291,242
291,457
291,436
291,127
291,173
291,115
291,34
291,275
291,482
291,18
291,166
291,398
291,360
291,97
291,228
292,252
292,32
292,82
292,342
292,284
292,59
292,75
292,189
292,481
292,221
292,408
292,348
292,8
292,473
292,164
292,132
292,285
292,291
292,472
293,188
293,304
293,348
293,273
293,231
293,495
293,7
293,2
293,493
293,117
293,8
293,194
293,235
293,234
293,65
293,154
293,110
293,469
293,315
293,200
293,298
293,312
293,226
293,183
293,311
293,83
293,75
293,160
293,498
293,436
293,211
293,328
293,56
293,22
293,350
293,6
293,94
293,67
293,204
293,128
293,376
293,125
293,77
293,168
293,429
293,391
293,352
293,339
293,189
293,433
293,379
293,134
293,278
293,491
293,44
293,345
293,381
293,62
293,479
293,101
293,358
293,50
293,19
293,262
293,267
293,400
293,206
293,287
293,446
293,239
294,312
294,450
294,231
294,219
294,211
294,8
294,233
294,75
294,4
294,192
294,272
294,380
294,197
294,400
294,299
294,176
294,97
294,360
295,231
295,336
295,468
295,49
295,234
295,271
295,168
295,191
295,210
295,179
295,184
295,350
295,384
295,6
295,328
295,110
295,176
295,17
296,200
296,234
296,91
296,48
296,89
296,330
296,119
296,303
296,66
296,130
296,324
296,348
296,95
296,178
296,464
296,219
296,415
296,414
296,493
296,431
296,282
296,181
296,133
296,86
296,69
296,430
296,50
296,110
296,447
296,214
296,165
296,396
296,485
297,161
297,343
297,481
297,231
297,195
297,154
297,378
297,115
297,392
297,246
297,348
297,216
297,102
297,405
297,273
297,101
297,493
297,77
297,86
297,229
297,145
297,464
297,304
297,112
297,234
297,386
297,331
297,191
297,215
297,376
297,312
297,85
297,160
297,265
297,237
297,309
297,16
297,349
297,131
297,351
297,329
297,296
297,278
297,346
297,213
297,204
297,76
297,232
297,366
297,233
297,415
297,197
297,360
298,117
298,251
298,106
298,197
298,155
298,175
298,433
298,174
298,376
298,103
298,453
298,390
298,98
298,169
298,46
298,78
298,483
299,105
299,419
299,329
299,231
299,67
299,294
299,492
299,271
299,430
299,206
299,87
299,199
299,18
299,473
299,83
300,382
300,95
300,302
300,463
300,358
300,443
300,81
300,441
300,234
300,118
300,473
300,468
300,78
300,467
300,3
300,253
300,492
300,275
300,486
301,234
301,459
301,488
301,153
301,497
301,282
301,461
301,493
301,206
301,481
301,78
301,224
301,202
301,348
301,35
301,58
301,389
301,63
301,359
302,8
302,432
302,16
302,59
302,477
302,231
302,330
302,263
302,93
302,371
302,177
302,17
302,300
302,321
302,359
302,416
302,304
302,467
302,492
303,178
303,426
303,397
303,159
303,154
303,469
303,414
303,129
303,64
303,315
303,3
303,189
303,174
303,113
303,183
303,296
303,346
303,428
303,470
304,305
304,302
304,348
304,94
304,218
304,406
304,267
304,234
304,180
304,112
304,470
304,486
304,220
304,134
304,93
304,24
304,345
304,343
304,18
304,181
304,484
304,344
304,110
304,48
305,231
305,28
305,181
305,129
305,16
305,481
305,71
305,108
305,174
305,168
305,263
305,162
305,216
305,173
305,304
305,188
305,120
305,19
305,473
305,291
306,111
306,71
306,441
306,75
306,203
306,390
306,494
306,490
306,215
306,432
306,234
306,252
306,80
306,94
306,384
306,79
306,361
307,395
307,231
307,312
307,91
307,89
307,49
307,145
307,333
307,384
307,490
307,92
307,28
307,493
307,80
307,192
307,95
307,193
308,54
308,339
308,431
308,222
308,85
308,80
308,61
308,139
308,231
308,330
308,161
308,181
308,59
308,417
308,33
308,209
308,401
308,456
309,277
309,374
309,134
309,231
309,308
309,193
309,327
309,493
309,334
309,377
309,55
309,190
309,43
309,238
309,464
309,492
309,371
309,297
310,421
310,145
310,8
310,179
310,289
310,408
310,144
310,22
310,363
310,453
310,387
310,335
310,93
310,222
310,407
310,258
311,33
311,358
311,318
311,128
311,234
311,270
311,379
311,3
311,251
311,75
311,79
311,147
311,18
311,163
312,376
312,35
312,52
312,250
312,348
312,329
312,287
312,493
312,219
312,453
312,337
312,105
312,360
312,307
312,135
312,372
312,130
312,324
312,432
312,340
312,18
312,208
312,243
312,121
312,183
313,167
313,194
313,225
313,354
313,399
313,240
313,40
313,261
313,484
313,45
313,71
313,31
313,291
313,280
313,480
313,287
313,27
313,94
313,184
314,15
314,75
314,453
314,492
314,97
314,116
314,181
314,493
314,77
314,117
314,348
314,448
314,381
314,196
315,477
315,248
315,231
315,168
315,234
315,384
315,125
315,25
315,174
315,145
315,470
315,255
315,162
315,467
315,303
315,18
315,196
316,463
316,75
316,307
316,147
316,462
316,427
316,234
316,50
316,185
316,187
316,43
316,418
316,136
316,208
316,173
316,10
317,212
317,220
317,288
317,476
317,71
317,112
317,434
317,269
317,435
317,64
317,130
317,348
317,18
317,252
317,331
317,338
318,274
318,435
318,444
318,180
318,65
318,198
318,231
318,139
318,164
318,342
318,321
318,407
318,311
318,263
318,360
318,499
318,253
318,215
318,221
319,371
319,494
319,6
319,48
319,169
319,493
319,388
319,410
319,500
319,123
319,419
319,52
319,336
319,89
319,43
319,322
319,381
319,486
319,385
319,481
320,75
320,328
320,374
320,390
320,440
320,6
320,137
320,110
320,126
320,217
320,140
320,416
320,178
320,165
320,396
321,168
321,302
321,439
321,89
321,87
321,71
321,481
321,234
321,272
321,360
321,114
321,342
321,396
321,143
321,161
321,36
321,277
322,319
322,181
322,390
322,231
322,108
322,31
322,271
322,462
322,14
322,474
322,88
322,234
322,205
322,344
322,131
322,50
322,360
322,140
322,103
322,441
323,48
323,477
323,343
323,331
323,225
323,59
323,71
323,231
323,282
323,365
323,3
323,268
323,280
323,354
323,155
323,494
323,407
323,263
323,277
324,247
324,312
324,362
324,231
324,68
324,98
324,142
324,56
324,376
324,91
324,296
324,236
324,348
324,136
324,372
324,416
324,18
325,372
325,398
325,44
325,8
325,488
325,106
325,89
325,379
325,231
325,462
325,267
325,211
325,18
325,438
325,473
325,191
325,197
325,268
325,2
326,234
326,210
326,112
326,268
326,209
326,278
326,242
326,233
326,75
326,219
326,71
326,43
326,470
326,176
327,112
327,493
327,404
327,229
327,472
327,237
327,444
327,309
327,469
327,378
327,329
327,379
327,18
327,59
327,351
327,280
328,8
328,231
328,100
328,471
328,32
328,295
328,394
328,267
328,320
328,17
328,431
328,463
328,134
328,175
328,199
328,293
329,231
329,1
329,114
329,134
329,167
329,132
329,354
329,52
329,246
329,446
329,392
329,380
329,340
329,275
329,173
329,45
329,146
329,190
330,140
330,450
330,25
330,3
330,86
330,91
330,96
330,163
330,234
330,206
330,354
330,261
330,89
330,360
330,43
331,317
331,312
331,377
331,231
331,17
331,453
331,71
331,371
331,126
331,94
331,486
331,364
331,111
331,423
331,482
331,236
331,323
331,254
331,14
332,408
332,376
332,145
332,252
332,485
332,493
332,23
332,268
332,453
332,364
332,43
332,379
332,18
332,336
332,163
332,404
332,378
333,481
333,475
333,133
333,213
333,287
333,36
333,199
333,200
333,146
333,95
333,369
333,171
333,288
333,307
333,97
334,139
334,231
334,434
334,245
334,462
334,196
334,413
334,145
334,8
334,218
334,194
334,35
334,216
334,416
334,18
334,343
334,136
334,288
335,92
335,450
335,22
335,234
335,449
335,6
335,327
335,413
335,165
335,481
335,328
335,452
335,73
335,4
335,210
335,310
335,336
336,411
336,222
336,65
336,335
336,18
336,481
336,205
336,134
336,405
336,168
336,225
336,59
336,10
336,393
336,485
336,444
336,60
336,378
336,41
336,145
336,319
336,143
336,231
336,104
336,468
336,136
336,479
336,11
336,170
336,333
336,8
336,462
336,332
336,234
336,448
336,291
336,184
336,379
336,295
336,61
336,457
337,216
337,195
337,312
337,162
337,135
337,146
337,231
337,55
337,67
337,32
337,267
337,285
337,445
337,458
337,149
337,343
337,22
337,389
337,457
337,398
338,394
338,258
338,487
338,289
338,154
338,498
338,317
338,145
338,421
338,144
338,410
338,72
338,280
338,43
338,398
338,461
338,274
339,3
339,160
339,14
339,253
339,359
339,139
339,231
339,418
339,378
339,205
339,18
339,251
339,163
339,379
339,198
339,280
339,293
340,260
340,69
340,214
340,416
340,441
340,329
340,312
340,66
340,231
340,499
340,445
340,186
340,139
340,234
340,141
340,218
340,19
340,165
340,162
340,113
340,438
340,358
340,30
340,222
340,419
340,451
340,360
340,103
340,389
340,142
340,286
340,13
341,408
341,231
341,307
341,358
341,48
341,120
341,223
341,4
341,119
341,251
341,365
341,139
341,288
341,454
341,234
341,42
341,399
341,151
341,163
341,384
341,490
341,74
341,492
341,46
341,285
341,18
342,376
342,69
342,466
342,443
342,493
342,143
342,115
342,130
342,421
342,390
342,440
342,78
342,274
342,18
342,97
342,292
342,359
342,318
342,24
343,337
343,100
343,231
343,211
343,233
343,304
343,334
343,234
343,112
343,84
343,217
343,416
343,384
343,195
343,276
343,243
343,481
343,294
343,491
343,404
343,137
343,414
343,48
343,26
343,483
343,203
343,376
343,348
344,497
344,14
344,481
344,322
344,25
344,60
344,304
344,301
344,384
344,33
344,429
344,454
344,34
344,18
344,96
344,473
344,93
344,119
345,231
345,288
345,157
345,318
345,449
345,474
345,384
345,330
345,268
345,304
345,154
345,413
345,142
345,482
345,43
345,290
345,18
345,39
345,125
345,101
346,224
346,303
346,498
346,203
346,293
346,213
346,275
346,12
346,376
346,92
346,419
346,327
346,184
346,245
346,482
346,206
346,492
346,18
347,154
347,145
347,426
347,221
347,374
347,76
347,371
347,231
347,376
347,209
347,169
347,198
347,77
347,167
347,34
347,492
347,83
348,267
348,233
348,456
348,301
348,449
348,231
348,114
348,173
348,15
348,183
348,324
348,343
348,446
348,69
348,280
348,380
348,292
348,359
348,360
348,317
348,95
348,1
348,418
348,369
348,170
348,107
348,286
348,54
348,49
348,99
348,379
348,272
348,188
348,304
348,423
348,187
348,485
348,18
348,448
348,277
348,314
348,353
348,275
348,386
348,192
348,420
348,213
348,416
348,146
348,492
348,191
348,78
348,284
348,75
348,289
348,59
348,43
348,79
348,312
348,139
348,121
348,178
348,296
348,463
348,131
349,444
349,268
349,113
349,6
349,231
349,405
349,239
349,148
349,304
349,181
349,328
349,8
349,220
349,395
349,452
349,297
350,231
350,384
350,267
350,317
350,406
350,227
350,26
350,318
350,322
350,385
350,239
350,8
350,139
350,293
350,488
350,360
350,175
351,413
351,145
351,321
351,188
351,327
351,205
351,295
351,461
351,34
351,93
351,104
351,43
351,287
351,255
351,121
351,18
352,265
352,140
352,180
352,88
352,13
352,234
352,277
352,168
352,222
352,81
352,18
352,134
352,129
352,224
352,84
352,4
352,21
352,55
353,325
353,492
353,203
353,193
353,261
353,229
353,44
353,41
353,219
353,348
353,460
353,71
353,18
353,277
353,77
353,451
354,210
354,8
354,348
354,440
354,436
354,449
354,345
354,462
354,451
354,72
354,392
354,323
354,244
354,29
354,472
354,360
354,277
354,383
355,353
355,499
355,329
355,139
355,493
355,175
355,112
355,454
355,56
355,450
355,474
355,250
355,429
355,197
355,24
355,145
355,473
355,406
355,212
356,363
356,231
356,460
356,388
356,70
356,242
356,405
356,327
356,397
356,50
356,87
356,58
356,430
356,59
356,200
357,253
357,204
357,43
357,48
357,145
357,157
357,78
357,481
357,250
357,466
357,458
357,131
357,224
357,448
357,111
357,38
357,178
357,127
357,190
358,145
358,197
358,18
358,231
358,492
358,400
358,59
358,268
358,443
358,390
358,194
358,388
358,84
358,57
358,264
358,74
358,374
358,202
358,176
358,78
358,185
358,45
358,480
358,311
358,473
358,481
358,159
358,215
358,286
358,440
358,280
358,477
358,71
358,430
358,239
358,199
358,80
358,128
358,212
358,33
358,285
358,306
359,134
359,348
359,261
359,84
359,256
359,434
359,231
359,264
359,208
359,462
359,40
359,112
359,27
359,475
359,58
359,78
359,72
359,153
359,446
359,140
359,139
359,313
359,137
359,449
359,342
359,302
359,301
359,184
359,117
359,175
359,402
359,444
359,80
359,179
359,251
359,4
359,493
360,16
360,309
360,481
360,223
360,163
360,74
360,453
360,8
360,180
360,77
360,69
360,75
360,346
360,96
360,114
360,294
360,455
360,390
360,122
360,142
360,276
360,491
360,300
360,67
360,43
360,488
360,234
360,383
360,166
360,493
360,231
360,257
360,366
360,50
360,297
360,40
360,469
360,191
360,412
360,277
360,112
360,215
360,58
360,448
360,357
360,15
360,229
360,285
360,49
360,13
360,78
360,33
360,389
360,379
360,130
360,401
360,267
360,2
360,409
360,52
360,192
360,199
360,322
360,198
360,217
360,1
360,31
360,181
360,35
360,415
360,350
360,154
360,354
360,272
360,14
360,408
360,37
360,367
360,340
360,284
360,169
360,224
360,25
360,348
360,278
360,131
360,179
360,424
360,171
360,5
360,24
360,282
360,256
360,249
360,312
360,137
360,384
360,189
360,330
360,411
360,318
360,168
360,441
360,386
360,387
360,194
360,10
360,291
360,298
360,263
360,236
360,104
360,470
360,378
360,358
360,227
360,176
360,21
360,65
360,214
360,321
360,479
360,105
360,99
360,18
361,151
361,347
361,438
361,197
361,103
361,168
361,272
361,9
361,467
361,226
361,491
361,145
361,453
361,364
361,107
361,53
361,92
361,358
362,467
362,79
362,67
362,114
362,305
362,497
362,344
362,9
362,493
362,449
362,203
362,22
362,428
362,154
362,230
362,324
362,178
363,158
363,234
363,82
363,290
363,26
363,465
363,154
363,460
363,192
363,362
363,201
363,423
363,122
363,112
363,46
364,211
364,414
364,410
364,423
364,413
364,462
364,234
364,299
364,178
364,361
364,379
364,495
364,435
364,8
364,473
364,232
365,376
365,234
365,196
365,117
365,170
365,385
365,453
365,201
365,186
365,66
365,1
365,341
365,86
365,226
365,188
365,419
365,492
365,221
365,323
366,43
366,444
366,230
366,234
366,493
366,180
366,430
366,204
366,221
366,297
366,263
366,75
366,212
366,197
366,220
367,231
367,128
367,270
367,244
367,100
367,73
367,139
367,85
367,441
367,284
367,471
367,10
367,459
367,156
367,181
367,43
367,102
367,84
367,431
367,376
367,234
367,449
367,46
367,428
367,189
367,243
367,369
367,188
367,227
368,8
368,136
368,115
368,112
368,73
368,228
368,493
368,313
368,453
368,204
368,223
368,22
368,416
368,75
368,167
368,138
368,231
368,483
368,7
368,157
368,462
368,418
368,181
368,403
368,419
368,28
368,457
368,277
368,274
368,68
368,452
369,158
369,148
369,348
369,234
369,446
369,267
369,57
369,379
369,11
369,266
369,75
369,216
369,59
369,323
369,496
369,101
369,488
369,50
369,470
369,400
369,117
369,372
369,367
369,396
369,38
369,416
369,46
369,114
369,333
369,18
369,205
370,162
370,4
370,493
370,235
370,218
370,72
370,388
370,35
370,70
370,23
370,313
370,423
370,131
370,280
370,414
370,18
370,468
370,435
370,196
371,231
371,310
371,309
371,381
371,7
371,124
371,457
371,97
371,387
371,112
371,29
371,306
371,398
371,331
371,148
371,74
371,20
371,253
371,208
372,383
372,491
372,52
372,286
372,324
372,187
372,245
372,75
372,234
372,312
372,111
372,484
372,369
372,374
372,325
372,177
372,18
372,396
373,145
373,283
373,293
373,488
373,408
373,184
373,204
373,112
373,211
373,231
373,2
373,8
373,382
373,43
373,141
373,398
373,84
373,455
373,176
374,390
374,27
374,379
374,401
374,358
374,71
374,249
374,500
374,21
374,109
374,231
374,163
374,378
374,195
374,3
374,204
374,451
374,478
374,227
374,59
374,194
374,176
374,50
374,154
374,212
374,263
374,111
374,372
374,447
374,413
374,192
374,139
374,8
374,136
374,18
374,169
374,347
374,309
375,132
375,231
375,379
375,420
375,62
375,8
375,213
375,277
375,7
375,204
375,265
375,56
375,280
375,82
375,18
375,394
376,112
376,59
376,435
376,236
376,343
376,66
376,100
376,151
376,437
376,146
376,338
376,14
376,394
376,346
376,332
376,87
376,405
376,176
376,365
376,482
376,197
376,288
376,367
376,135
376,248
376,401
376,137
376,136
376,312
376,18
376,209
376,43
376,486
377,277
377,107
377,25
377,231
377,8
377,438
377,483
377,394
377,234
377,447
377,88
377,331
377,18
377,378
377,410
377,173
378,231
378,332
378,377
378,143
378,133
378,462
378,177
378,140
378,85
378,214
378,405
378,31
378,297
378,286
378,18
378,336
378,265
379,231
379,339
379,80
379,124
379,77
379,417
379,348
379,456
379,139
379,336
379,291
379,287
379,444
379,272
379,17
379,84
379,233
379,332
379,424
379,18
379,360
379,105
379,3
379,221
379,472
379,369
379,449
379,375
379,430
379,165
379,374
379,9
379,109
380,8
380,379
380,181
380,299
380,348
380,274
380,384
380,481
380,357
380,234
380,329
380,294
380,458
380,472
380,18
380,467
380,80
380,240
380,71
380,269
381,298
381,19
381,145
381,162
381,200
381,242
381,385
381,130
381,314
381,319
381,405
381,139
381,291
381,53
381,371
381,244
381,280
381,447
381,418
381,43
382,476
382,373
382,204
382,252
382,324
382,180
382,157
382,59
382,358
382,228
382,107
382,462
382,286
382,153
382,265
382,300
382,416
383,354
383,231
383,146
383,71
383,341
383,60
383,45
383,24
383,287
383,25
383,276
383,280
383,372
383,43
383,77
383,360
383,105
384,456
384,231
384,396
384,190
384,338
384,203
384,306
384,22
384,435
384,295
384,248
384,483
384,179
384,277
384,25
384,344
384,46
384,53
384,117
384,140
384,345
384,216
384,176
384,192
384,444
384,360
384,452
384,408
384,211
384,178
384,350
384,315
384,49
384,473
384,43
385,456
385,407
385,348
385,379
385,300
385,388
385,314
385,266
385,240
385,77
385,319
385,216
385,350
385,365
385,18
385,485
385,249
386,101
386,348
386,231
386,390
386,235
386,448
386,271
386,212
386,145
386,99
386,237
386,297
386,360
386,11
386,473
387,500
387,267
387,103
387,101
387,201
387,231
387,48
387,348
387,54
387,40
387,215
387,197
387,371
387,227
387,18
387,310
387,43
387,440
388,251
388,358
388,465
388,257
388,190
388,156
388,241
388,128
388,65
388,436
388,82
388,370
388,197
388,356
388,205
388,396
388,258
389,101
389,337
389,272
389,253
389,437
389,301
389,288
389,250
389,340
389,477
389,61
389,247
389,399
389,441
389,191
389,60
389,281
389,414
389,255
389,236
390,391
390,242
390,243
390,160
390,394
390,181
390,231
390,424
390,493
390,442
390,93
390,176
390,298
390,419
390,18
390,252
390,495
390,423
390,374
390,3
390,467
390,271
390,492
390,77
390,282
390,205
391,91
391,406
391,432
391,97
391,267
391,231
391,253
391,61
391,421
391,5
391,396
391,476
391,18
391,293
391,58
391,390
392,31
392,32
392,193
392,480
392,33
392,445
392,416
392,154
392,11
392,497
392,137
392,231
392,479
392,8
392,3
392,98
392,160
392,329
392,297
393,223
393,145
393,58
393,120
393,231
393,54
393,181
393,75
393,114
393,154
393,77
393,47
393,6
393,474
393,492
393,336
394,493
394,376
394,231
394,290
394,109
394,428
394,401
394,181
394,453
394,6
394,375
394,470
394,338
394,467
394,377
394,86
394,472
394,328
395,349
395,254
395,53
395,17
395,280
395,348
395,224
395,71
395,8
395,469
395,250
395,136
395,16
395,121
395,454
396,252
396,34
396,67
396,239
396,391
396,304
396,71
396,345
396,462
396,232
396,457
396,46
396,265
396,156
396,408
396,493
396,153
396,204
396,150
396,356
396,151
396,35
396,453
396,231
396,244
396,349
396,327
396,220
396,451
396,276
396,351
396,218
396,127
396,403
396,53
396,75
396,280
396,255
396,84
396,320
396,69
396,413
396,296
396,8
396,469
396,193
396,277
396,484
396,139
396,32
396,388
396,372
396,50
396,177
396,369
396,321
396,27
396,114
396,370
396,98
396,286
396,448
396,261
396,81
396,221
396,437
396,207
396,473
396,93
396,384
396,499
397,207
397,407
397,147
397,6
397,442
397,143
397,231
397,249
397,189
397,33
397,49
397,303
397,48
397,435
397,18
397,176
397,356
398,159
398,418
398,291
398,231
398,468
398,180
398,181
398,24
398,338
398,453
398,26
398,462
398,204
398,373
398,254
398,137
398,168
398,371
398,34
398,109
398,217
398,492
398,266
398,473
398,265
398,229
398,157
399,75
399,389
399,14
399,426
399,88
399,46
399,3
399,137
399,356
399,86
399,50
399,488
399,240
399,18
399,136
399,446
399,341
399,15
400,186
400,8
400,454
400,22
400,10
400,231
400,131
400,5
400,46
400,172
400,175
400,294
400,74
400,446
401,336
401,365
401,408
401,212
401,191
401,124
401,290
401,216
401,70
401,345
401,9
401,194
401,135
401,114
401,77
401,231
401,358
401,75
401,462
401,254
401,127
401,181
401,421
401,448
401,376
401,97
401,102
401,459
401,344
401,200
401,282
401,167
401,35
401,137
401,6
401,234
401,265
401,395
401,154
401,121
401,67
401,285
401,379
401,188
401,163
401,101
401,328
401,219
401,493
401,134
401,22
401,469
401,477
401,451
401,11
401,308
401,467
401,394
401,48
401,277
401,492
402,30
402,397
402,269
402,195
402,168
402,226
402,112
402,284
402,29
402,185
402,231
402,234
402,359
402,18
402,262
402,32
402,212
402,107
402,38
403,387
403,279
403,494
403,8
403,408
403,454
403,410
403,120
403,132
403,208
403,363
403,275
403,24
403,215
403,174
403,492
403,368
403,472
403,163
403,203
403,63
404,408
404,409
404,161
404,187
404,234
404,332
404,416
404,483
404,343
404,211
404,35
404,67
404,450
404,327
404,481
404,226
404,80
404,102
404,247
405,493
405,71
405,481
405,106
405,418
405,95
405,70
405,376
405,151
405,64
405,406
405,9
405,461
405,57
405,152
405,499
405,494
405,136
405,80
405,16
405,105
405,178
405,275
405,356
406,35
406,237
406,112
406,321
406,213
406,279
406,285
406,23
406,311
406,426
406,355
406,458
406,304
406,277
407,310
407,178
407,91
407,217
407,318
407,256
407,162
407,112
407,467
407,200
407,323
407,468
407,18
407,453
407,291
408,231
408,196
408,112
408,268
408,423
408,431
408,358
408,404
408,101
408,356
408,384
408,177
408,232
408,12
408,203
408,396
408,280
408,310
408,403
408,207
408,67
408,433
408,174
408,360
408,484
408,49
408,485
408,292
408,283
409,217
409,283
409,416
409,248
409,231
409,94
409,12
409,52
409,187
409,483
409,26
409,234
409,18
409,459
409,210
409,46
409,497
409,250
409,404
409,360
410,294
410,167
410,86
410,121
410,211
410,282
410,377
410,134
410,364
410,154
410,252
410,127
410,238
410,277
410,291
410,165
410,18
411,225
411,181
411,473
411,417
411,77
411,425
411,196
411,51
411,8
411,170
411,426
411,168
411,18
411,336
411,483
412,146
412,386
412,112
412,320
412,76
412,497
412,172
412,406
412,173
412,363
412,348
412,473
412,360
412,220
412,142
412,29
412,77
412,171
413,267
413,423
413,13
413,388
413,493
413,231
413,135
413,273
413,453
413,335
413,124
413,277
413,424
413,212
413,334
413,396
413,374
414,81
414,77
414,139
414,389
414,423
414,370
414,75
414,137
414,155
414,57
414,422
414,481
414,152
414,275
414,495
414,106
414,296
414,303
414,154
415,476
415,166
415,384
415,90
415,496
415,455
415,251
415,104
415,341
415,297
415,234
415,296
415,161
415,242
415,179
415,18
415,212
416,128
416,11
416,394
416,320
416,206
416,211
416,178
416,225
416,36
416,66
416,369
416,88
416,234
416,8
416,388
416,466
416,217
416,295
416,334
416,445
416,73
416,47
416,382
416,348
416,21
416,302
416,185
416,406
416,481
416,458
416,154
416,16
416,384
416,52
416,75
416,55
416,22
416,252
416,462
416,484
416,104
416,196
416,195
416,50
416,152
416,324
416,180
416,272
416,281
416,237
416,230
416,282
416,477
416,345
416,100
416,43
416,140
416,497
416,250
416,3
416,490
416,34
416,186
416,145
416,478
416,226
416,398
416,379
416,39
416,121
416,215
416,77
416,468
416,194
416,325
416,118
416,139
416,176
416,328
416,260
416,166
416,349
416,317
416,392
416,409
416,343
416,404
416,94
416,428
416,204
416,447
416,473
417,379
417,42
417,99
417,308
417,302
417,168
417,241
417,351
417,231
417,61
417,335
417,179
417,437
417,180
417,247
417,411
417,466
417,34
417,189
417,430
417,131
418,316
418,300
418,84
418,231
418,348
418,243
418,170
418,279
418,37
418,381
418,412
418,98
418,139
418,405
418,339
418,117
419,238
419,231
419,391
419,136
419,73
419,390
419,340
419,33
419,368
419,365
419,263
419,186
419,276
419,217
419,319
420,335
420,162
420,471
420,146
420,75
420,60
420,427
420,234
420,271
420,254
420,348
420,425
420,280
420,375
420,127
420,287
420,6
420,426
420,145
420,467
421,231
421,444
421,264
421,3
421,39
421,464
421,348
421,48
421,271
421,432
421,479
421,233
421,74
421,11
421,80
421,182
421,244
421,473
421,5
421,212
421,338
421,198
421,443
421,401
421,310
421,497
422,181
422,464
422,161
422,98
422,231
422,463
422,52
422,168
422,215
422,430
422,273
422,458
422,126
422,460
422,473
423,331
423,480
423,348
423,282
423,160
423,231
423,96
423,450
423,390
423,153
423,23
423,473
423,272
423,221
423,148
423,93
423,408
423,414
423,444
423,487
423,363
424,379
424,328
424,391
424,94
424,307
424,386
424,202
424,116
424,234
424,78
424,100
424,413
424,457
424,474
424,390
424,471
424,360
424,201
424,179
424,43
425,35
425,444
425,225
425,181
425,352
425,234
425,348
425,8
425,184
425,156
425,278
425,83
425,80
425,411
425,150
425,105
425,479
426,226
426,245
426,33
426,35
426,267
426,420
426,165
426,399
426,181
426,231
426,305
426,448
426,46
427,358
427,206
427,313
427,354
427,15
427,483
427,267
427,231
427,244
427,134
427,237
427,279
427,316
427,494
427,420
427,18
427,291
427,212
428,10
428,145
428,462
428,105
428,493
428,146
428,231
428,390
428,234
428,303
428,56
428,54
428,35
428,362
428,367
428,237
428,267
428,22
428,2
428,55
428,8
428,416
428,131
428,270
428,447
428,304
428,129
428,156
428,79
428,325
428,41
428,75
428,208
428,200
428,483
428,88
428,128
428,40
428,280
429,481
429,48
429,355
429,416
429,264
429,194
429,124
429,112
429,94
429,265
429,128
429,6
429,82
429,242
429,344
429,137
429,232
429,462
430,310
430,209
430,27
430,408
430,402
430,22
430,356
430,73
430,429
430,384
430,468
430,379
430,390
430,296
430,240
430,358
430,201
430,179
430,128
430,10
430,453
430,136
430,153
430,36
430,229
430,116
430,35
430,112
430,51
430,64
430,181
430,168
430,191
430,145
430,193
430,462
430,154
430,459
430,79
430,90
430,109
430,211
430,481
430,369
430,492
430,417
430,231
430,139
430,436
430,257
430,486
430,147
430,187
430,195
430,108
430,142
430,117
430,29
430,114
430,8
430,52
430,101
430,131
430,192
430,43
430,366
430,478
430,7
430,485
430,18
430,270
430,113
430,422
431,14
431,446
431,76
431,204
431,447
431,36
431,20
431,51
431,439
431,8
431,408
431,18
431,436
431,280
431,92
431,71
431,308
431,277
432,148
432,139
432,299
432,278
432,231
432,147
432,277
432,430
432,300
432,312
432,421
433,295
433,139
433,231
433,26
433,436
433,154
433,75
433,423
433,408
433,462
433,345
433,168
433,78
433,254
433,18
433,454
433,70
433,137
433,177
433,253
434,231
434,425
434,421
434,345
434,93
434,309
434,427
434,98
434,229
434,222
434,174
434,84
434,359
434,334
434,122
435,370
435,397
435,12
435,231
435,112
435,376
435,259
435,354
435,181
435,493
435,364
435,261
435,291
435,254
435,217
435,384
435,288
436,231
436,68
436,154
436,103
436,431
436,130
436,482
436,46
436,269
436,146
436,430
436,291
436,445
436,354
436,433
436,250
437,417
437,37
437,233
437,284
437,158
437,231
437,139
437,28
437,422
437,146
437,36
437,8
437,220
437,176
437,376
437,127
438,269
438,66
438,440
438,487
438,325
438,437
438,12
438,158
438,231
438,87
438,308
438,138
438,340
438,277
438,228
438,377
438,361
438,63
438,126
439,481
439,27
439,75
439,263
439,152
439,231
439,154
439,262
439,448
439,55
439,305
439,136
439,245
439,249
439,80
439,93
439,431
440,243
440,330
440,176
440,217
440,358
440,231
440,11
440,125
440,267
440,387
440,101
440,102
440,108
440,98
440,264
440,257
440,395
440,419
440,3
440,170
440,48
440,354
440,320
440,271
440,342
441,117
441,206
441,411
441,348
441,389
441,122
441,52
441,75
441,8
441,234
441,102
441,112
441,174
441,124
441,105
441,251
441,471
441,120
442,439
442,115
442,432
442,456
442,13
442,236
442,99
442,262
442,389
442,67
442,225
442,277
442,446
442,172
442,397
442,467
442,249
443,194
443,356
443,63
443,421
443,155
443,162
443,246
443,198
443,294
443,8
443,43
443,358
443,342
443,462
443,300
443,89
443,33
443,197
443,433
444,141
444,359
444,379
444,50
444,1
444,74
444,162
444,234
444,344
444,300
444,35
444,145
444,499
444,75
444,263
444,122
444,169
444,225
444,114
444,231
444,101
444,211
444,345
444,495
444,481
444,500
444,281
444,11
444,53
444,262
444,105
444,41
444,176
444,384
444,46
444,364
444,405
444,158
444,440
444,423
444,110
444,267
444,397
444,318
444,349
444,198
444,366
444,336
444,196
444,327
445,248
445,337
445,448
445,9
445,394
445,88
445,376
445,231
445,85
445,436
445,172
445,459
445,70
445,222
445,340
445,202
445,180
445,228
445,416
445,473
446,234
446,400
446,442
446,348
446,399
446,130
446,28
446,205
446,369
446,293
446,25
446,218
446,220
446,329
446,359
446,477
446,198
446,431
446,473
447,381
447,220
447,416
447,139
447,314
447,396
447,469
447,395
447,296
447,8
447,243
447,3
447,374
447,95
447,477
447,43
447,27
447,454
447,2
448,267
448,21
448,43
448,485
448,239
448,145
448,229
448,59
448,357
448,348
448,75
448,426
448,386
448,314
448,401
448,445
448,396
448,414
449,379
449,496
449,54
449,234
449,145
449,205
449,110
449,67
449,86
449,380
449,46
449,117
449,475
449,359
449,197
449,249
449,179
449,335
449,18
449,209
449,354
449,500
449,44
449,348
450,244
450,248
450,182
450,365
450,145
450,259
450,404
450,6
450,46
450,234
450,32
450,45
450,43
450,423
450,294
450,160
450,490
451,380
451,376
451,353
451,87
451,8
451,235
451,145
451,247
451,67
451,22
451,340
451,267
451,163
451,43
451,264
451,354
451,473
451,420
452,349
452,177
452,234
452,231
452,217
452,50
452,218
452,384
452,117
452,257
452,128
452,285
452,335
452,468
452,500
452,18
452,74
452,470
453,75
453,166
453,103
453,67
453,407
453,56
453,196
453,461
453,351
453,8
453,361
453,231
453,368
453,155
453,19
453,230
453,312
453,332
453,164
453,360
453,396
453,474
453,199
453,212
453,194
453,310
453,331
453,64
453,481
453,159
453,394
453,499
454,360
454,395
454,231
454,433
454,59
454,348
454,448
454,239
454,447
454,389
454,96
454,355
454,400
454,469
454,151
454,87
454,166
455,60
455,350
455,373
455,105
455,251
455,46
455,49
455,168
455,231
455,484
455,247
455,111
455,415
455,213
455,188
456,158
456,35
456,231
456,232
456,26
456,148
456,128
456,238
456,169
456,499
456,308
456,361
456,136
456,155
456,379
456,385
456,442
457,181
457,231
457,220
457,115
457,233
457,1
457,336
457,203
457,491
457,303
457,168
457,424
457,368
457,164
457,337
457,161
457,364
457,137
457,107
457,329
457,251
457,35
457,270
457,60
457,142
457,291
457,473
457,396
457,478
458,231
458,168
458,62
458,380
458,442
458,276
458,422
458,117
458,116
458,337
458,18
458,406
458,124
458,489
458,494
458,357
459,231
459,492
459,8
459,128
459,114
459,462
459,409
459,234
459,255
459,445
459,176
459,280
460,5
460,75
460,46
460,23
460,117
460,181
460,20
460,422
460,139
460,143
460,193
460,403
460,67
460,47
460,83
460,278
460,18
460,467
461,3
461,139
461,462
461,20
461,226
461,405
461,7
461,338
461,75
461,231
461,88
461,197
461,161
461,33
461,453
461,351
461,277
462,443
462,128
462,400
462,279
462,229
462,113
462,171
462,267
462,286
462,108
462,429
462,22
462,225
462,105
462,18
462,401
462,492
462,209
462,253
462,280
462,359
462,398
462,322
462,334
462,154
462,433
462,135
462,180
462,146
462,157
462,368
462,53
462,193
462,477
462,155
462,499
462,21
462,202
462,263
462,336
462,281
462,316
462,169
462,466
462,84
462,459
462,382
462,461
463,273
463,462
463,99
463,262
463,162
463,231
463,67
463,18
463,348
463,183
463,271
463,473
463,492
463,43
463,316
464,472
464,252
464,231
464,376
464,441
464,309
464,57
464,314
464,202
464,14
464,481
464,196
464,24
464,421
464,297
464,272
464,296
464,150
464,58
464,422
464,280
465,358
465,493
465,484
465,8
465,231
465,148
465,93
465,348
465,498
465,357
465,144
465,41
465,83
465,71
465,217
465,109
465,185
465,291
465,363
465,197
466,106
466,269
466,231
466,471
466,345
466,181
466,488
466,462
466,127
466,442
466,417
466,184
466,163
466,41
466,342
466,97
466,268
466,286
467,334
467,384
467,8
467,300
467,114
467,386
467,234
467,410
467,442
467,151
467,380
467,144
467,496
467,488
467,409
467,460
467,390
467,121
467,169
467,75
467,231
467,48
467,47
467,208
467,91
467,302
467,164
467,112
467,315
467,358
467,132
467,196
467,474
467,394
467,255
467,187
467,197
467,407
467,401
467,361
467,123
467,451
468,370
468,314
468,75
468,149
468,211
468,150
468,8
468,24
468,376
468,452
468,161
468,238
468,70
468,430
468,407
468,295
468,491
468,286
468,12
469,454
469,338
469,364
469,11
469,145
469,231
469,222
469,35
469,68
469,124
469,494
469,408
469,80
469,293
469,220
469,396
469,327
469,303
469,401
470,186
470,71
470,166
470,63
470,348
470,303
470,75
470,315
470,131
470,181
470,326
470,430
470,394
470,218
470,369
470,304
470,368
471,66
471,404
471,75
471,217
471,94
471,231
471,424
471,441
471,133
471,77
471,29
471,148
471,103
471,420
471,43
472,198
472,190
472,144
472,403
472,136
472,379
472,270
472,354
472,290
472,231
472,15
472,292
472,119
472,120
472,75
472,17
472,380
472,481
472,123
472,252
472,394
472,177
472,280
472,46
472,464
472,189
472,1
473,75
473,339
473,231
473,222
473,198
473,267
473,303
473,53
473,237
473,348
473,421
473,367
473,292
473,399
473,168
473,8
473,347
473,353
473,255
473,213
473,98
473,411
473,428
473,145
473,192
473,234
473,67
473,151
473,305
473,170
473,144
473,479
473,283
473,402
473,364
473,408
473,344
473,451
473,358
473,102
473,78
473,498
473,463
473,146
473,355
473,326
473,212
473,169
473,52
473,284
473,262
473,257
473,72
473,500
473,181
473,258
473,476
473,97
473,396
473,28
473,407
473,331
473,389
473,71
473,87
473,182
473,139
473,300
473,187
473,384
473,116
473,286
473,7
473,216
473,126
473,321
473,113
473,204
473,271
473,74
473,59
473,488
473,173
473,433
473,325
473,57
473,446
473,203
473,492
473,138
473,486
473,416
473,161
473,423
473,489
473,457
473,18
473,107
473,3
473,123
473,386
473,289
473,159
473,422
473,398
473,290
473,79
473,58
473,445
473,480
473,185
473,385
473,299
473,89
473,412
473,84
473,285
474,481
474,25
474,114
474,79
474,393
474,453
474,424
474,72
474,86
474,228
474,139
474,384
474,138
474,467
474,355
474,490
474,100
475,348
475,22
475,18
475,1
475,449
475,204
475,146
475,341
475,408
475,492
475,235
475,292
475,359
475,333
475,248
475,65
476,88
476,261
476,198
476,408
476,75
476,145
476,388
476,231
476,238
476,248
476,473
476,190
477,159
477,99
477,8
477,446
477,411
477,422
477,160
477,75
477,345
477,236
477,157
477,170
477,358
477,169
477,1
477,452
477,85
477,462
477,50
477,447
477,201
477,221
477,186
477,109
477,401
477,315
477,133
477,498
477,280
478,251
478,486
478,219
478,146
478,130
478,83
478,457
478,231
478,29
478,246
478,374
478,430
478,72
478,94
478,499
478,416
478,222
479,489
479,336
479,384
479,482
479,392
479,360
479,425
479,443
479,282
479,462
479,75
479,154
479,30
479,421
479,214
479,197
479,18
480,358
480,429
480,154
480,8
480,209
480,211
480,48
480,496
480,73
480,313
480,216
480,239
480,170
480,32
480,284
480,176
481,49
481,19
481,112
481,329
481,383
481,358
481,259
481,319
481,244
481,453
481,171
481,404
481,380
481,301
481,207
481,205
481,483
481,474
481,194
481,20
481,292
481,429
481,122
481,343
481,489
481,70
481,72
481,464
481,17
481,439
481,16
481,278
481,43
481,139
481,360
481,77
481,193
481,175
481,472
481,89
481,344
481,3
481,280
481,336
481,405
481,134
481,5
481,321
481,234
481,279
481,223
481,149
481,305
482,291
482,11
482,331
482,17
482,231
482,372
482,479
482,497
482,376
482,8
482,234
482,139
482,76
482,449
482,345
482,346
482,35
482,32
482,191
482,274
482,182
482,3
482,84
482,25
482,18
482,4
482,227
482,490
483,347
483,267
483,343
483,428
483,95
483,454
483,231
483,481
483,40
483,466
483,71
483,194
483,437
483,48
483,493
483,234
483,384
483,411
483,232
483,298
483,379
483,75
483,368
483,404
483,116
483,409
483,23
483,44
484,274
484,408
484,304
484,447
484,5
484,137
484,375
484,457
484,455
484,63
484,231
484,202
484,205
484,372
484,465
484,396
485,228
485,114
485,127
485,145
485,129
485,408
485,348
485,244
485,385
485,267
485,430
485,217
485,332
485,232
485,448
485,132
485,207
485,242
486,418
486,196
486,319
486,102
486,80
486,128
486,231
486,300
486,376
486,441
486,348
486,478
486,473
486,304
486,96
487,115
487,451
487,71
487,423
487,241
487,498
487,154
487,107
487,231
487,237
487,112
487,364
487,175
487,338
487,495
487,178
487,280
487,438
488,190
488,142
488,181
488,14
488,129
488,8
488,350
488,38
488,442
488,174
488,86
488,316
488,369
488,205
488,18
488,467
488,89
488,229
488,360
488,280
488,325
489,260
489,481
489,183
489,194
489,231
489,35
489,248
489,458
489,235
489,479
489,145
489,79
489,212
489,500
489,473
489,93
490,474
490,450
490,317
490,8
490,267
490,231
490,128
490,493
490,482
490,43
490,271
490,60
490,281
490,146
490,499
491,235
491,263
491,224
491,31
491,468
491,114
491,8
491,397
491,229
491,275
491,75
491,96
491,287
491,360
491,239
491,293
492,217
492,107
492,148
492,478
492,252
492,407
492,496
492,234
492,481
492,112
492,348
492,3
492,267
492,453
492,287
492,401
492,390
492,226
492,168
492,300
492,279
492,462
492,35
492,274
492,95
492,158
492,423
492,181
492,237
492,128
492,231
492,59
492,64
492,283
492,164
492,154
492,155
492,341
492,51
492,8
492,393
492,178
492,109
492,11
492,398
492,206
492,205
492,75
492,365
492,309
492,48
492,86
492,302
492,245
492,73
492,36
492,108
492,34
492,31
492,87
492,347
492,303
492,238
492,342
492,236
492,463
492,343
492,447
492,422
492,84
492,93
492,337
492,403
492,81
492,416
492,335
492,240
492,142
492,215
492,278
492,368
492,440
492,41
492,346
492,358
492,20
492,473
492,299
492,2
492,430
492,147
492,314
492,140
493,335
493,147
493,359
493,243
493,307
493,455
493,234
493,65
493,230
493,274
493,208
493,8
493,96
493,102
493,465
493,314
493,428
493,95
493,26
493,394
493,483
493,3
493,280
493,366
493,241
493,332
493,319
493,169
493,312
493,396
493,158
493,342
493,435
493,405
493,124
493,217
493,210
493,362
493,212
494,427
494,432
494,288
494,51
494,323
494,95
494,118
494,241
494,401
494,405
494,458
494,8
494,212
494,469
494,18
494,60
494,306
494,17
495,253
495,487
495,8
495,414
495,358
495,390
495,64
495,181
495,91
495,30
495,187
495,156
495,218
495,364
495,259
496,386
496,74
496,231
496,132
496,164
496,390
496,211
496,163
496,145
496,208
496,2
496,469
496,480
496,287
496,415
496,467
496,268
496,18
496,449
497,240
497,199
497,390
497,39
497,234
497,35
497,231
497,139
497,16
497,421
497,19
497,409
497,482
497,46
497,232
497,392
497,412
497,344
497,416
498,267
498,477
498,452
498,204
498,64
498,441
498,231
498,38
498,460
498,356
498,333
498,110
498,465
498,338
499,405
499,500
499,216
499,414
499,191
499,193
499,194
499,112
499,59
499,35
499,262
499,478
499,468
499,490
499,326
499,246
499,46
499,123
499,139
499,283
499,75
499,261
499,211
499,376
499,396
499,105
499,135
499,233
499,185
499,318
499,156
499,257
499,272
499,183
499,231
499,267
499,342
499,204
499,287
499,464
499,208
499,45
499,453
499,114
499,462
499,170
499,444
499,236
499,137
499,176
499,73
499,456
500,136
500,493
500,452
500,489
500,44
500,56
500,154
500,449
500,212
500,215
500,239
500,76
500,473
500,43
500,248
500,444
500,178
500,499
500,253
